-- phpMyAdmin SQL Dump
-- version 4.7.0
-- https://www.phpmyadmin.net/
--
-- Host: localhost:8889
-- Generation Time: May 27, 2018 at 04:07 PM
-- Server version: 5.6.34-log
-- PHP Version: 7.1.7

SET SQL_MODE = "NO_AUTO_VALUE_ON_ZERO";
SET AUTOCOMMIT = 0;
START TRANSACTION;
SET time_zone = "+00:00";


/*!40101 SET @OLD_CHARACTER_SET_CLIENT=@@CHARACTER_SET_CLIENT */;
/*!40101 SET @OLD_CHARACTER_SET_RESULTS=@@CHARACTER_SET_RESULTS */;
/*!40101 SET @OLD_COLLATION_CONNECTION=@@COLLATION_CONNECTION */;
/*!40101 SET NAMES utf8mb4 */;

--
-- Database: `eapi`
--

-- --------------------------------------------------------

--
-- Table structure for table `migrations`
--

CREATE TABLE `migrations` (
  `id` int(10) UNSIGNED NOT NULL,
  `migration` varchar(191) COLLATE utf8_unicode_ci NOT NULL,
  `batch` int(11) NOT NULL
) ENGINE=InnoDB DEFAULT CHARSET=utf8 COLLATE=utf8_unicode_ci;

--
-- Dumping data for table `migrations`
--

INSERT INTO `migrations` (`id`, `migration`, `batch`) VALUES
(1, '2014_10_12_000000_create_users_table', 1),
(2, '2014_10_12_100000_create_password_resets_table', 1),
(3, '2018_05_27_143519_create_products_table', 1),
(4, '2018_05_27_143737_create_reviews_table', 1);

-- --------------------------------------------------------

--
-- Table structure for table `password_resets`
--

CREATE TABLE `password_resets` (
  `email` varchar(191) COLLATE utf8_unicode_ci NOT NULL,
  `token` varchar(191) COLLATE utf8_unicode_ci NOT NULL,
  `created_at` timestamp NULL DEFAULT NULL
) ENGINE=InnoDB DEFAULT CHARSET=utf8 COLLATE=utf8_unicode_ci;

-- --------------------------------------------------------

--
-- Table structure for table `products`
--

CREATE TABLE `products` (
  `id` int(10) UNSIGNED NOT NULL,
  `name` varchar(191) COLLATE utf8_unicode_ci NOT NULL,
  `description` text COLLATE utf8_unicode_ci NOT NULL,
  `price` int(11) NOT NULL,
  `stock` int(11) NOT NULL,
  `discount` int(11) NOT NULL,
  `created_at` timestamp NULL DEFAULT NULL,
  `updated_at` timestamp NULL DEFAULT NULL
) ENGINE=InnoDB DEFAULT CHARSET=utf8 COLLATE=utf8_unicode_ci;

--
-- Dumping data for table `products`
--

INSERT INTO `products` (`id`, `name`, `description`, `price`, `stock`, `discount`, `created_at`, `updated_at`) VALUES
(1, 'eos', 'Est atque ratione repudiandae illo voluptatem est. Animi molestiae veniam occaecati sed. Voluptates quis id dolores et excepturi quisquam. Et quia maiores dolore fugit maxime similique eveniet illum.', 985, 2, 23, '2018-05-27 08:55:28', '2018-05-27 08:55:28'),
(2, 'quo', 'Commodi vero et autem earum sed. Occaecati quaerat consequatur fugit voluptatem voluptatem nemo eaque. Dignissimos nihil magnam est autem voluptates perspiciatis.', 976, 5, 20, '2018-05-27 08:55:28', '2018-05-27 08:55:28'),
(3, 'id', 'Aliquam ipsa quasi ut nisi nisi. Repellat veniam possimus tempore est corporis. Aliquid non id corporis.', 569, 4, 16, '2018-05-27 08:55:28', '2018-05-27 08:55:28'),
(4, 'deserunt', 'Dolor ut ipsam est dolor. Tempore doloribus amet ad qui nihil consequatur.', 462, 5, 2, '2018-05-27 08:55:28', '2018-05-27 08:55:28'),
(5, 'perferendis', 'Harum aut aut cum blanditiis. Ad necessitatibus ex ipsam temporibus. Non architecto magni earum iusto enim aspernatur.', 562, 1, 4, '2018-05-27 08:55:28', '2018-05-27 08:55:28'),
(6, 'voluptatem', 'Voluptatem et totam repellendus quo ea. Et officia commodi et fuga eos. Laborum laudantium pariatur rerum quasi perferendis dolor aut.', 202, 1, 26, '2018-05-27 08:55:28', '2018-05-27 08:55:28'),
(7, 'provident', 'Molestias optio adipisci accusamus dolore sit ipsa. Sed iste sequi aut voluptate exercitationem amet. Accusantium voluptas quia dicta mollitia enim eum. Consequatur magni quas nihil dignissimos pariatur sint harum. Cumque voluptas quae qui accusamus est.', 701, 5, 15, '2018-05-27 08:55:28', '2018-05-27 08:55:28'),
(8, 'molestiae', 'Doloribus veritatis itaque quisquam enim illo maxime ad. Veniam sunt id recusandae minus recusandae quas dolores. Eaque perspiciatis ut aspernatur. Voluptatem optio nulla ut aut quae assumenda. Nam qui voluptatem animi aliquam et.', 709, 9, 12, '2018-05-27 08:55:28', '2018-05-27 08:55:28'),
(9, 'veritatis', 'Minima dicta aut commodi exercitationem. Et est animi praesentium exercitationem quis sed architecto. Non cupiditate accusamus itaque inventore sapiente consequatur consequatur.', 629, 9, 11, '2018-05-27 08:55:28', '2018-05-27 08:55:28'),
(10, 'consequatur', 'Voluptas recusandae qui eveniet unde. Commodi mollitia ea voluptatibus dignissimos. Quo occaecati eos ducimus nulla est et et.', 634, 0, 23, '2018-05-27 08:55:28', '2018-05-27 08:55:28'),
(11, 'veritatis', 'Dolorum assumenda voluptatem deleniti dolorem. Vero aut enim quidem eos omnis. Harum aliquid doloribus reiciendis omnis officia at. Facilis illo vel officiis vero aut.', 827, 7, 6, '2018-05-27 08:55:29', '2018-05-27 08:55:29'),
(12, 'molestias', 'Ullam id ducimus non ex non in perferendis. Ducimus laborum quia id non occaecati. Repellendus aspernatur eos esse est error et ea.', 733, 2, 26, '2018-05-27 08:55:29', '2018-05-27 08:55:29'),
(13, 'voluptate', 'Eos quae eveniet assumenda amet quibusdam sapiente unde. Corporis tenetur nostrum rerum quas non nulla. Iure perferendis quisquam vitae autem quidem omnis a. Eaque laudantium accusantium asperiores in et nobis voluptatibus.', 470, 6, 17, '2018-05-27 08:55:29', '2018-05-27 08:55:29'),
(14, 'repudiandae', 'Deleniti placeat ut eius libero ex qui. Harum sint iure dolore necessitatibus suscipit velit ratione aut. Id culpa consequatur qui quo dicta odio maiores. Placeat quasi aspernatur aperiam et enim esse cupiditate adipisci.', 389, 0, 18, '2018-05-27 08:55:29', '2018-05-27 08:55:29'),
(15, 'ducimus', 'Excepturi non est aut quis sed eum quia. Hic perferendis rerum incidunt sit aut provident repellendus molestias. Non repudiandae vitae ut qui magni. Saepe esse sit quia excepturi amet.', 416, 5, 18, '2018-05-27 08:55:29', '2018-05-27 08:55:29'),
(16, 'maxime', 'Vel voluptas voluptas inventore. Ratione sit nemo id illo sequi. Repudiandae aspernatur dolores officiis culpa amet eius quibusdam.', 493, 0, 4, '2018-05-27 08:55:29', '2018-05-27 08:55:29'),
(17, 'et', 'Soluta officiis aut consequuntur et et qui et ab. Qui sed eveniet accusantium. Ut fugit non cumque voluptates laboriosam accusamus enim sapiente.', 526, 8, 29, '2018-05-27 08:55:29', '2018-05-27 08:55:29'),
(18, 'officiis', 'Qui laboriosam tempore odio temporibus aut cupiditate. Delectus rem est voluptatum enim et. Eos alias ducimus qui dolores.', 918, 5, 18, '2018-05-27 08:55:29', '2018-05-27 08:55:29'),
(19, 'voluptatem', 'Blanditiis est deleniti dolorem consequatur. Amet animi optio quisquam dolore quia animi perspiciatis quia. Recusandae enim blanditiis rerum omnis.', 847, 6, 20, '2018-05-27 08:55:29', '2018-05-27 08:55:29'),
(20, 'reiciendis', 'Placeat tenetur non rerum est iste non. Ad est qui consectetur voluptas omnis. Iste exercitationem aut qui quis.', 296, 8, 25, '2018-05-27 08:55:29', '2018-05-27 08:55:29'),
(21, 'placeat', 'Quasi sit inventore et laudantium. Voluptas saepe est et voluptates nisi ea enim. Possimus autem et culpa quae deleniti. Dolores pariatur sed voluptate non voluptatum assumenda.', 973, 1, 13, '2018-05-27 08:55:29', '2018-05-27 08:55:29'),
(22, 'temporibus', 'Occaecati corrupti pariatur quisquam libero voluptatem porro. Quis aliquid corrupti id non. Commodi voluptatem in numquam.', 436, 8, 25, '2018-05-27 08:55:29', '2018-05-27 08:55:29'),
(23, 'alias', 'Et illum ut non quis. Est optio facere deserunt est ut. Rem sunt dolor omnis ut.', 528, 1, 6, '2018-05-27 08:55:29', '2018-05-27 08:55:29'),
(24, 'minima', 'Explicabo quasi iusto saepe adipisci. Nostrum molestiae id dolore voluptas voluptatem. At ad totam dignissimos ut quae eveniet sunt id.', 657, 9, 25, '2018-05-27 08:55:29', '2018-05-27 08:55:29'),
(25, 'qui', 'Et perspiciatis sit assumenda dolorem. Eligendi beatae iste sed quod expedita dolores est repudiandae. Libero voluptatem minima et esse.', 827, 8, 6, '2018-05-27 08:55:29', '2018-05-27 08:55:29'),
(26, 'voluptas', 'Veniam voluptas qui rerum eos quae. Magni rerum est mollitia tenetur quis velit fuga. Iusto quasi provident vel cum.', 665, 0, 30, '2018-05-27 08:55:29', '2018-05-27 08:55:29'),
(27, 'est', 'Doloremque adipisci molestiae ea amet. Fugit culpa officiis molestiae non alias dolores enim et. Maiores odit quia dicta consectetur quod laborum eos. Nisi omnis voluptatem fuga quisquam.', 131, 2, 12, '2018-05-27 08:55:29', '2018-05-27 08:55:29'),
(28, 'expedita', 'Qui vel laudantium atque doloremque ea debitis molestias illum. Culpa dolor hic quam sequi mollitia et voluptatibus. Sapiente illum ipsam quis commodi quis.', 336, 0, 5, '2018-05-27 08:55:29', '2018-05-27 08:55:29'),
(29, 'repellat', 'Id illum in quia voluptatum impedit natus. Quod ut quasi magnam sequi. Ratione saepe asperiores nemo accusamus veritatis aliquam nisi. Maxime quod omnis voluptatem sit sed et occaecati. Voluptatem rerum maiores beatae quia voluptatem.', 550, 6, 4, '2018-05-27 08:55:29', '2018-05-27 08:55:29'),
(30, 'minima', 'Ratione aliquam dicta rerum earum quia inventore quam. Delectus rerum repudiandae fuga qui dignissimos ad. Fugiat officiis velit quia ullam quaerat deleniti cum laborum.', 845, 9, 19, '2018-05-27 08:55:29', '2018-05-27 08:55:29'),
(31, 'non', 'Neque expedita provident voluptatem in et. Non aperiam soluta repellendus.', 694, 6, 6, '2018-05-27 08:55:29', '2018-05-27 08:55:29'),
(32, 'asperiores', 'Fugit consectetur laborum id aperiam fuga eum pariatur. Sint et dignissimos eveniet impedit rerum adipisci. Qui beatae hic ipsa eum recusandae. Debitis in et veritatis odio.', 423, 3, 16, '2018-05-27 08:55:29', '2018-05-27 08:55:29'),
(33, 'neque', 'Dolore omnis nulla dicta numquam soluta. Doloribus consequatur adipisci omnis quia voluptates. Ducimus sunt praesentium autem a eveniet illo. Nisi eius esse occaecati voluptates perferendis sint non.', 210, 5, 18, '2018-05-27 08:55:29', '2018-05-27 08:55:29'),
(34, 'ratione', 'Est voluptatum vel numquam vel magnam atque. Ullam tempora vel accusantium aut. Omnis ut voluptas eum laboriosam omnis vel.', 919, 6, 13, '2018-05-27 08:55:29', '2018-05-27 08:55:29'),
(35, 'consectetur', 'Eius consectetur ut delectus sequi provident. Porro ut ipsam animi et. Sequi velit repellat molestiae voluptatibus vel. Qui quia architecto et dolorum inventore officiis nemo. Rem quo maiores maiores asperiores totam esse est quia.', 912, 1, 11, '2018-05-27 08:55:29', '2018-05-27 08:55:29'),
(36, 'consectetur', 'Sit voluptatibus sed provident aspernatur fugiat aut qui. Minima aperiam labore natus non atque sed.', 442, 3, 24, '2018-05-27 08:55:29', '2018-05-27 08:55:29'),
(37, 'voluptates', 'Rem dolorum quae et quis quis occaecati id. Maiores animi eum sunt quae fuga. Quod ipsum ut ea nihil qui ut. Dolor in et accusantium a totam quidem quis possimus.', 392, 6, 5, '2018-05-27 08:55:30', '2018-05-27 08:55:30'),
(38, 'non', 'Eaque perspiciatis eius eius eos debitis. Labore mollitia consequuntur necessitatibus nihil. Error distinctio ex culpa consequatur alias expedita illo magni.', 531, 0, 2, '2018-05-27 08:55:30', '2018-05-27 08:55:30'),
(39, 'veniam', 'Ut eius omnis nam molestias nobis et culpa. Similique quae facilis doloribus aut temporibus quis eum. Blanditiis explicabo provident dolores debitis. Voluptatem voluptas qui distinctio ut nisi aperiam.', 808, 8, 22, '2018-05-27 08:55:30', '2018-05-27 08:55:30'),
(40, 'ipsa', 'Hic animi mollitia consequatur non. Repellendus ut distinctio adipisci. Aut similique aperiam minima blanditiis recusandae.', 944, 1, 26, '2018-05-27 08:55:30', '2018-05-27 08:55:30'),
(41, 'animi', 'Sit voluptatem aut aut et. Voluptas ratione voluptatem repudiandae consequatur veritatis vitae. Et quia nostrum et voluptatem aut illo.', 420, 2, 18, '2018-05-27 08:55:30', '2018-05-27 08:55:30'),
(42, 'aut', 'Sunt earum occaecati voluptatem totam. Voluptatibus repellat esse tempora qui dignissimos recusandae. Asperiores laboriosam et accusantium autem enim dignissimos. Ut quod consequatur voluptatem quia eos dolor.', 655, 2, 21, '2018-05-27 08:55:30', '2018-05-27 08:55:30'),
(43, 'veniam', 'Quia assumenda illo impedit quia et aut. Officia nostrum velit non sed ut illum in est. Quos tempora mollitia alias sint ipsam sed cupiditate quia. Modi asperiores et nihil culpa harum beatae.', 876, 7, 16, '2018-05-27 08:55:30', '2018-05-27 08:55:30'),
(44, 'ex', 'Maxime sint pariatur fuga recusandae et dolorem dolores. Ut voluptatibus odio voluptas dolores porro autem.', 969, 3, 12, '2018-05-27 08:55:30', '2018-05-27 08:55:30'),
(45, 'at', 'Autem ipsa adipisci dolorem aut quia tempora sapiente. Error aut dolore doloremque commodi.', 582, 3, 19, '2018-05-27 08:55:30', '2018-05-27 08:55:30'),
(46, 'quasi', 'Et molestias molestiae fugit laborum quia repudiandae. Vel tenetur velit pariatur officiis molestiae. Qui et necessitatibus omnis error molestias facere quaerat.', 594, 7, 19, '2018-05-27 08:55:30', '2018-05-27 08:55:30'),
(47, 'accusamus', 'Distinctio quisquam ut corporis et quia voluptatem iure. Quod consectetur sed et sunt quis labore voluptate eveniet. Tempora praesentium iusto illum tenetur eum. At esse optio quia repellat amet consequatur veritatis.', 246, 9, 20, '2018-05-27 08:55:30', '2018-05-27 08:55:30'),
(48, 'suscipit', 'Molestiae beatae in nemo repellendus ut libero. Quidem iure nisi suscipit voluptatem consequuntur. Repellat corporis sed cumque impedit.', 325, 1, 18, '2018-05-27 08:55:30', '2018-05-27 08:55:30'),
(49, 'beatae', 'Dignissimos accusamus aut omnis id. Consequatur repellendus modi sint alias dolorem dignissimos. Veritatis consequatur neque accusantium consectetur eveniet. Impedit nisi odit id corrupti et quia rerum.', 710, 3, 10, '2018-05-27 08:55:30', '2018-05-27 08:55:30'),
(50, 'est', 'Quis est deleniti minus dolores similique et ad. Repudiandae voluptatem enim libero perferendis. Consectetur nesciunt occaecati quis consequatur pariatur consequatur reiciendis.', 232, 8, 22, '2018-05-27 08:55:30', '2018-05-27 08:55:30'),
(51, 'ducimus', 'Pariatur dolorem fugiat laborum odit. Unde explicabo non itaque vel ipsa dolor modi sit. Minus aut earum vitae assumenda eveniet itaque nemo. Sed id voluptatem iure recusandae maiores doloribus dolore sit.', 420, 6, 6, '2018-05-27 08:58:35', '2018-05-27 08:58:35'),
(52, 'reprehenderit', 'Accusantium quas rem vero corporis ut est quia. Enim blanditiis nostrum magnam sed. Eaque et recusandae qui.', 949, 3, 19, '2018-05-27 08:58:35', '2018-05-27 08:58:35'),
(53, 'perspiciatis', 'Laudantium placeat repellendus tenetur quia. Iure distinctio aut repellat occaecati hic. Nisi dolores reprehenderit nihil tenetur est. Assumenda similique porro earum amet consequatur mollitia aut laboriosam.', 492, 8, 6, '2018-05-27 08:58:35', '2018-05-27 08:58:35'),
(54, 'aspernatur', 'Aut voluptatum sit qui magni saepe corporis eum. Facere unde nihil eos ea facilis ut. Id voluptatem repudiandae quia provident et perspiciatis ut. Et perspiciatis earum non amet repellendus ut nihil non.', 541, 5, 9, '2018-05-27 08:58:35', '2018-05-27 08:58:35'),
(55, 'omnis', 'Autem omnis vero aut id ad saepe non. Velit fuga animi voluptate voluptatem facere deserunt aspernatur. Et recusandae atque incidunt architecto rem a asperiores.', 642, 9, 20, '2018-05-27 08:58:35', '2018-05-27 08:58:35'),
(56, 'vel', 'Voluptatem ut ullam nulla necessitatibus nam error dolorum. Deleniti consequuntur distinctio ut velit rerum praesentium dolores.', 699, 8, 11, '2018-05-27 08:58:35', '2018-05-27 08:58:35'),
(57, 'praesentium', 'Velit ea earum qui et possimus. Voluptates commodi cum suscipit sit facilis autem at. Ad quo voluptate animi aut eos.', 128, 7, 5, '2018-05-27 08:58:35', '2018-05-27 08:58:35'),
(58, 'pariatur', 'Et eum vel et id non pariatur illum vel. Magni sunt autem ea inventore delectus sapiente nihil.', 198, 5, 21, '2018-05-27 08:58:35', '2018-05-27 08:58:35'),
(59, 'veritatis', 'Rerum sapiente iusto et asperiores. Quia ratione aut reiciendis quod ex. Molestiae et ut et suscipit officia qui. Amet quia consequatur ea qui rerum in.', 860, 7, 12, '2018-05-27 08:58:35', '2018-05-27 08:58:35'),
(60, 'qui', 'Ut eveniet dolorum totam. Voluptate eum maiores quidem sit sed tempore ipsam. Qui consectetur exercitationem et aliquam minus omnis nisi aspernatur.', 841, 1, 11, '2018-05-27 08:58:35', '2018-05-27 08:58:35'),
(61, 'asperiores', 'Rerum ipsum esse quis accusantium ratione sapiente voluptatum. Qui eveniet velit odio enim vero dolor eum. Omnis ex vitae ea facere asperiores quibusdam.', 664, 8, 25, '2018-05-27 08:58:35', '2018-05-27 08:58:35'),
(62, 'expedita', 'Eum similique totam adipisci molestiae consequatur. Maiores ut vel sed nihil voluptas. Ipsum soluta nihil sint atque nostrum a in. Neque deserunt accusantium tempore enim mollitia eos. A nisi aut eius architecto.', 530, 7, 21, '2018-05-27 08:58:35', '2018-05-27 08:58:35'),
(63, 'quae', 'Possimus quae ea eum. Doloribus assumenda dolores accusantium sit beatae vel. Ratione dolorem voluptas sit. Odit provident sunt qui voluptas voluptatum maiores eos.', 366, 9, 26, '2018-05-27 08:58:35', '2018-05-27 08:58:35'),
(64, 'repellendus', 'Dolor quis soluta magni voluptas animi aut error quos. Maiores eligendi quo unde sunt id. Rerum natus iusto fugit natus qui.', 161, 0, 9, '2018-05-27 08:58:35', '2018-05-27 08:58:35'),
(65, 'ipsa', 'Vero odio hic ea est quia fugit enim. Quo commodi et et ut quaerat. Nihil laboriosam ex consequuntur ea perspiciatis. Dolorum ducimus nihil aut quia. Excepturi sequi autem et modi officiis dolore nihil.', 804, 2, 23, '2018-05-27 08:58:35', '2018-05-27 08:58:35'),
(66, 'accusamus', 'At quia est ea ut inventore dicta in. Et dolorem quisquam nihil facere occaecati molestiae magni omnis. Eveniet distinctio debitis odio excepturi.', 933, 3, 8, '2018-05-27 08:58:36', '2018-05-27 08:58:36'),
(67, 'inventore', 'Dolorem aut assumenda molestiae laudantium molestiae. Ducimus quidem harum aut soluta est veniam itaque. Nihil officiis eos quisquam tenetur. Sed impedit quidem non rerum dolorum dolorem qui.', 202, 9, 5, '2018-05-27 08:58:36', '2018-05-27 08:58:36'),
(68, 'fuga', 'Ea voluptatibus modi perspiciatis reiciendis et quos quis. Quia neque odio qui voluptas sint. Quae aperiam est perspiciatis maiores a. Nulla ratione fugiat odit ipsam ipsam assumenda.', 397, 1, 29, '2018-05-27 08:58:36', '2018-05-27 08:58:36'),
(69, 'id', 'Aut omnis dolor iste necessitatibus tenetur sit ab corrupti. Aspernatur rerum nesciunt earum qui ut et voluptates. Ut neque fugiat voluptas voluptas voluptatem aut perspiciatis.', 378, 2, 5, '2018-05-27 08:58:36', '2018-05-27 08:58:36'),
(70, 'vero', 'Odit nam itaque cupiditate necessitatibus nobis. Autem vel eveniet expedita quis debitis. Hic praesentium et fugiat excepturi nam ut impedit. Et facere officia impedit quo.', 435, 7, 23, '2018-05-27 08:58:36', '2018-05-27 08:58:36'),
(71, 'laudantium', 'Ut consequatur aut tempore nam adipisci. Occaecati tenetur beatae saepe odit commodi harum. Reiciendis harum culpa autem accusamus excepturi.', 808, 2, 19, '2018-05-27 08:58:36', '2018-05-27 08:58:36'),
(72, 'nobis', 'Eos cupiditate qui nobis dolorem doloribus saepe repellendus. Fugit aspernatur impedit eaque ipsum ducimus fuga. Perferendis autem odio ipsam sit sunt molestiae natus libero. Consequatur nostrum vitae est voluptatem hic qui et. Quisquam excepturi omnis suscipit qui quidem.', 719, 5, 4, '2018-05-27 08:58:36', '2018-05-27 08:58:36'),
(73, 'libero', 'Dolorem veritatis fugiat enim temporibus et repellendus occaecati. Ut praesentium iste et velit doloremque omnis. Aut nulla aliquid eos ad.', 703, 0, 27, '2018-05-27 08:58:36', '2018-05-27 08:58:36'),
(74, 'et', 'Nihil perferendis commodi sed. Et pariatur voluptas eius voluptatem eos. Ullam quasi officiis ut. Veritatis dolores ut et iure beatae.', 170, 4, 13, '2018-05-27 08:58:36', '2018-05-27 08:58:36'),
(75, 'vitae', 'Aliquam illo voluptas rerum. Magni voluptatem ipsa quasi doloremque. Repellat nostrum fugit illo ea.', 520, 7, 30, '2018-05-27 08:58:36', '2018-05-27 08:58:36'),
(76, 'et', 'Eius consequatur autem at fugit tenetur. Vitae excepturi velit voluptatem provident incidunt. Est illo omnis ex harum porro quis sit.', 655, 8, 8, '2018-05-27 08:58:36', '2018-05-27 08:58:36'),
(77, 'et', 'Et deleniti sunt ratione cumque quod saepe placeat. In sed eveniet eum necessitatibus dolores qui.', 248, 5, 26, '2018-05-27 08:58:36', '2018-05-27 08:58:36'),
(78, 'est', 'Qui aut et voluptatem consequatur. Autem unde sequi minus ut sit iure pariatur velit. Aut voluptatem deleniti debitis.', 629, 9, 29, '2018-05-27 08:58:36', '2018-05-27 08:58:36'),
(79, 'veniam', 'Molestiae ea fuga modi tempore distinctio magni deserunt quia. Ratione fuga in deserunt ut aperiam. Quo dolorem voluptatem doloribus eveniet expedita nulla est.', 587, 4, 26, '2018-05-27 08:58:36', '2018-05-27 08:58:36'),
(80, 'nisi', 'Eum ea architecto amet ducimus. Omnis ratione consequatur dolores. Voluptatibus consequatur qui ut eligendi perferendis quaerat quo.', 778, 3, 16, '2018-05-27 08:58:36', '2018-05-27 08:58:36'),
(81, 'vero', 'Omnis accusantium tempora eos voluptatem saepe adipisci velit. Dignissimos voluptatibus rerum labore ducimus facilis voluptas ipsa et.', 189, 3, 22, '2018-05-27 08:58:36', '2018-05-27 08:58:36'),
(82, 'et', 'Nemo doloribus esse error commodi eligendi eum fugit. Autem sed perspiciatis voluptate sit quia tempora. Ut aliquam unde et pariatur et. Id error ut fuga animi minus asperiores tempora et.', 673, 9, 10, '2018-05-27 08:58:36', '2018-05-27 08:58:36'),
(83, 'occaecati', 'Voluptas rerum vitae ut id perferendis. Consequatur quo error aspernatur ex ea nulla qui. Maxime inventore eaque et occaecati nesciunt. Ea quis et molestias magnam qui.', 663, 4, 9, '2018-05-27 08:58:36', '2018-05-27 08:58:36'),
(84, 'expedita', 'Ipsum eos reiciendis velit rerum accusantium eum. Voluptatum est harum adipisci repellendus similique. Omnis similique tempora id at. Temporibus iste aut omnis ut delectus accusantium soluta.', 795, 9, 13, '2018-05-27 08:58:36', '2018-05-27 08:58:36'),
(85, 'rerum', 'Voluptates velit id vero quia. Sunt minima libero consequatur enim officiis sed. Voluptate quas blanditiis odit aut quasi. Inventore reprehenderit quia qui officia.', 788, 6, 21, '2018-05-27 08:58:36', '2018-05-27 08:58:36'),
(86, 'id', 'Asperiores et impedit autem. Et quis quis illum error autem. Debitis neque et in aut officia. Rerum cumque est sunt consectetur in maiores quaerat.', 105, 4, 18, '2018-05-27 08:58:36', '2018-05-27 08:58:36'),
(87, 'dolores', 'Porro harum incidunt nulla eos recusandae. Ullam et culpa rerum et nihil molestias consectetur. Et laborum suscipit magnam fuga quisquam labore ducimus. Et occaecati voluptates at voluptatum.', 310, 7, 13, '2018-05-27 08:58:36', '2018-05-27 08:58:36'),
(88, 'eius', 'Ut in in voluptas eum quod sint. Minima id sit aperiam quasi. Nihil porro sed natus non exercitationem sit distinctio. Facilis et delectus dolores qui et inventore eum.', 205, 5, 18, '2018-05-27 08:58:36', '2018-05-27 08:58:36'),
(89, 'quis', 'Ut asperiores ut perspiciatis voluptatibus vel autem blanditiis. Reiciendis neque facere porro rem cumque. Consequatur culpa itaque iure voluptatem.', 308, 4, 2, '2018-05-27 08:58:36', '2018-05-27 08:58:36'),
(90, 'est', 'Dicta assumenda ut consequatur natus nihil laudantium. Esse aut magnam expedita expedita. Quibusdam qui excepturi voluptatum saepe fugiat.', 643, 6, 21, '2018-05-27 08:58:36', '2018-05-27 08:58:36'),
(91, 'tenetur', 'Qui nobis earum atque. Nesciunt excepturi unde vero minus sint officia.', 913, 2, 22, '2018-05-27 08:58:36', '2018-05-27 08:58:36'),
(92, 'facere', 'Est expedita aperiam eum autem. Et aut iste est ipsum. Consequatur corporis sapiente earum accusantium et id consequatur.', 862, 1, 26, '2018-05-27 08:58:36', '2018-05-27 08:58:36'),
(93, 'optio', 'Et fugit voluptas quo quis sit distinctio enim qui. Ipsa asperiores sit eum nihil. Nam molestias assumenda modi quidem qui at facilis. Rerum dolores atque doloremque deserunt repellat minima.', 534, 7, 3, '2018-05-27 08:58:36', '2018-05-27 08:58:36'),
(94, 'qui', 'Ab ut animi ratione reprehenderit eos et omnis. Et eveniet quis libero vitae id culpa. Quo voluptas voluptatem occaecati aut alias.', 364, 9, 28, '2018-05-27 08:58:36', '2018-05-27 08:58:36'),
(95, 'iste', 'Fugiat harum perferendis quae architecto dolorem cupiditate voluptatem. Nemo et dolorem corporis facilis enim similique. Omnis aliquam laborum dolore aspernatur odio. Qui sunt iusto omnis.', 707, 8, 11, '2018-05-27 08:58:36', '2018-05-27 08:58:36'),
(96, 'et', 'Nesciunt ipsa modi et. Esse et aspernatur est deleniti. Porro officia consequatur temporibus velit unde expedita est. Ipsam deserunt aut aliquam id quas nihil hic.', 351, 2, 2, '2018-05-27 08:58:36', '2018-05-27 08:58:36'),
(97, 'iure', 'Ea voluptatem laboriosam quibusdam architecto pariatur quia excepturi. Quisquam placeat ad vel reprehenderit. Beatae et placeat sed quia tenetur ipsum ipsam nostrum. Natus aut rem explicabo ipsam.', 412, 0, 10, '2018-05-27 08:58:36', '2018-05-27 08:58:36'),
(98, 'labore', 'Ab sapiente voluptate deleniti mollitia sint. Officiis omnis vel voluptatem aut alias quo est. Qui error sint molestiae quaerat nulla.', 213, 7, 21, '2018-05-27 08:58:36', '2018-05-27 08:58:36'),
(99, 'qui', 'Et aut sapiente nam qui voluptatem pariatur possimus. Unde praesentium repellat sed fuga voluptatem veritatis accusamus. Sit dolorem aut aut fugit est. Sit temporibus iusto dignissimos.', 704, 6, 8, '2018-05-27 08:58:37', '2018-05-27 08:58:37'),
(100, 'cupiditate', 'Quis voluptatem nesciunt cum aperiam ut voluptas totam adipisci. Laboriosam necessitatibus impedit voluptates omnis id praesentium et. Quia ipsam nulla aut mollitia officia eligendi inventore.', 134, 0, 29, '2018-05-27 08:58:37', '2018-05-27 08:58:37'),
(101, 'natus', 'Id sunt reprehenderit et consequatur. At similique officiis officiis sapiente amet. Culpa eos a qui nobis. Et at impedit et hic placeat et atque.', 400, 0, 13, '2018-05-27 08:58:54', '2018-05-27 08:58:54'),
(102, 'rerum', 'Est est laborum maiores modi a voluptatem voluptate. Sint sint quam vitae aliquid. Incidunt commodi velit qui repellendus illum quibusdam quas.', 206, 7, 30, '2018-05-27 08:58:54', '2018-05-27 08:58:54'),
(103, 'quia', 'Praesentium illum iste quo. Tempora veritatis repellendus repellendus vitae molestiae delectus quis. Non repellendus hic et nihil distinctio libero sit. Reprehenderit ea necessitatibus reiciendis ab.', 773, 0, 22, '2018-05-27 08:58:54', '2018-05-27 08:58:54'),
(104, 'doloribus', 'Ut omnis dolorum repellendus quo ad rerum. Sunt omnis consectetur quam quo quas porro. Quos quaerat ipsam at nisi mollitia. Debitis sit quos sed facilis alias vero.', 323, 1, 13, '2018-05-27 08:58:54', '2018-05-27 08:58:54'),
(105, 'facilis', 'Tenetur dolores dolorem quis excepturi reprehenderit. Dolores adipisci quis dolores dolore. Dolores quas eaque voluptas assumenda.', 675, 6, 25, '2018-05-27 08:58:54', '2018-05-27 08:58:54'),
(106, 'quo', 'Est ea nemo ab dicta excepturi veritatis cupiditate. Sit nesciunt ab repudiandae dicta sunt. Harum quia et sit aut animi. Sit cumque maiores placeat similique odit aut explicabo reiciendis.', 556, 1, 6, '2018-05-27 08:58:54', '2018-05-27 08:58:54'),
(107, 'quos', 'Est adipisci ea sit ut voluptatem voluptates. Vel rem dolor modi qui. Amet ullam porro reprehenderit in cumque voluptatem omnis.', 478, 7, 9, '2018-05-27 08:58:54', '2018-05-27 08:58:54'),
(108, 'aut', 'Quos ea placeat enim et pariatur et ex. Eligendi neque nesciunt laudantium libero explicabo placeat. Nisi accusantium qui omnis optio ex dicta magnam ipsam. Voluptates repellat dolores id autem libero dolor vel.', 834, 7, 9, '2018-05-27 08:58:54', '2018-05-27 08:58:54'),
(109, 'ratione', 'Voluptatem nemo accusamus non dignissimos incidunt. Consequatur nostrum atque reprehenderit qui voluptatum laborum. Consequatur qui blanditiis doloribus voluptas ullam optio. Ab dolorem est consequuntur molestiae accusamus aut.', 924, 4, 22, '2018-05-27 08:58:54', '2018-05-27 08:58:54'),
(110, 'aspernatur', 'Recusandae aut aut qui dolorem explicabo. Quibusdam voluptatem atque laudantium porro. Asperiores in libero sed dolor cum voluptas.', 318, 2, 29, '2018-05-27 08:58:54', '2018-05-27 08:58:54'),
(111, 'sunt', 'Officia voluptatem commodi natus et necessitatibus recusandae. Expedita eum voluptatem reiciendis quae ex pariatur. Suscipit cum quo soluta dolores pariatur excepturi cumque. Voluptate eligendi consequuntur exercitationem consectetur consequatur et sit.', 198, 6, 15, '2018-05-27 08:58:54', '2018-05-27 08:58:54'),
(112, 'ut', 'Nulla enim architecto repudiandae. Nobis aut libero molestiae ducimus. Ut ratione maiores facere rerum unde labore dolores.', 650, 2, 9, '2018-05-27 08:58:54', '2018-05-27 08:58:54'),
(113, 'et', 'Sapiente vitae et a delectus aliquid totam eos. Quia et perferendis corrupti iste. Ex ipsam exercitationem totam quos quae aperiam nihil quisquam. Ad aut necessitatibus enim error voluptatem.', 372, 1, 13, '2018-05-27 08:58:54', '2018-05-27 08:58:54'),
(114, 'magni', 'Et a qui facilis qui. Explicabo tempore itaque molestias magni quia delectus error. Porro omnis esse mollitia numquam.', 846, 0, 7, '2018-05-27 08:58:54', '2018-05-27 08:58:54'),
(115, 'nulla', 'Dolorem quidem consequuntur est soluta laboriosam qui. Exercitationem rerum voluptatum et. Cumque id optio qui in eum.', 265, 8, 8, '2018-05-27 08:58:54', '2018-05-27 08:58:54'),
(116, 'quo', 'Dolore enim et praesentium dolorem. Est quia eaque ut quisquam molestiae esse. Modi vero ea voluptatem aut et alias. Voluptatibus ut debitis ex officia est voluptatem eius rem.', 394, 4, 15, '2018-05-27 08:58:55', '2018-05-27 08:58:55'),
(117, 'odit', 'Atque adipisci ut molestiae debitis. Dolorem est consequatur et saepe quis possimus dolores consequuntur. Quas facere tempora voluptatem atque quam.', 299, 3, 20, '2018-05-27 08:58:55', '2018-05-27 08:58:55'),
(118, 'cumque', 'Culpa non et sint placeat unde nesciunt alias. Molestiae qui doloremque consectetur fugit molestiae possimus. Atque optio nam voluptate blanditiis consequatur ut exercitationem est. Ratione sit cum sunt non laborum amet incidunt.', 815, 0, 7, '2018-05-27 08:58:55', '2018-05-27 08:58:55'),
(119, 'deserunt', 'Aspernatur architecto dolorem eveniet pariatur aliquid. Sed quia possimus recusandae qui omnis nesciunt suscipit. Consequatur architecto amet tenetur voluptatem aliquam.', 522, 8, 29, '2018-05-27 08:58:55', '2018-05-27 08:58:55'),
(120, 'voluptatibus', 'Dolorum accusantium error iste dolores quisquam vel. Error magnam voluptas est neque perferendis occaecati. Maiores animi dolores et. Velit doloribus est velit ullam.', 975, 7, 30, '2018-05-27 08:58:55', '2018-05-27 08:58:55'),
(121, 'ut', 'Ut et expedita facilis et assumenda sit enim consequatur. Et qui consequatur sequi beatae nihil. Dolorum ab dolorem numquam commodi accusamus itaque. Ea ab et doloribus voluptates maiores iure reprehenderit.', 894, 6, 24, '2018-05-27 08:58:55', '2018-05-27 08:58:55'),
(122, 'qui', 'Ea quas deleniti quisquam consequatur consequatur pariatur soluta. Dicta soluta consequatur voluptatem sint quia ab molestiae.', 618, 2, 2, '2018-05-27 08:58:55', '2018-05-27 08:58:55'),
(123, 'a', 'Quae tempore dolores nostrum architecto. Dolorem facilis praesentium id quam et nam tempora. Numquam ullam beatae fugiat eum voluptate. Eveniet voluptatum officia omnis omnis minus nostrum. Corrupti qui qui minus et omnis sint.', 200, 4, 22, '2018-05-27 08:58:55', '2018-05-27 08:58:55'),
(124, 'repellendus', 'Ipsa fugit sed asperiores aperiam earum porro. Eum ratione aut et.', 281, 1, 6, '2018-05-27 08:58:55', '2018-05-27 08:58:55'),
(125, 'occaecati', 'Facilis consequatur ratione quae. Quibusdam eaque quod excepturi expedita corrupti animi. Recusandae omnis consequatur nisi voluptas aut accusantium laboriosam.', 597, 1, 5, '2018-05-27 08:58:55', '2018-05-27 08:58:55'),
(126, 'voluptatibus', 'Quae aspernatur fugit et quasi. Temporibus qui veniam atque vitae. Natus facilis inventore repudiandae recusandae repudiandae. Reiciendis perferendis a dicta nostrum amet. Et occaecati voluptatem suscipit eaque.', 156, 3, 6, '2018-05-27 08:58:55', '2018-05-27 08:58:55'),
(127, 'eum', 'Possimus optio ea unde tempore sit id nostrum. Eius soluta laborum sed id rerum omnis. Ducimus aspernatur tempora corporis eius.', 323, 6, 30, '2018-05-27 08:58:55', '2018-05-27 08:58:55'),
(128, 'deleniti', 'Minima dolorem beatae nihil enim repudiandae et debitis occaecati. Voluptates eaque ut in pariatur et dolore maxime. Perspiciatis quibusdam temporibus qui consequatur mollitia. Quia recusandae consequatur molestiae.', 592, 4, 4, '2018-05-27 08:58:55', '2018-05-27 08:58:55'),
(129, 'eos', 'Nisi vel laboriosam aut totam id impedit. Excepturi et distinctio rerum ipsa. Placeat quia inventore pariatur et.', 179, 1, 21, '2018-05-27 08:58:55', '2018-05-27 08:58:55'),
(130, 'deleniti', 'Non qui quidem nihil adipisci id. Ipsum nihil perferendis sit non. Et error enim et maxime ipsam quia voluptatibus. Blanditiis in molestias blanditiis saepe.', 595, 9, 25, '2018-05-27 08:58:55', '2018-05-27 08:58:55'),
(131, 'quibusdam', 'Incidunt ab ipsa quibusdam cumque sed distinctio in. Id aut totam sit esse. Omnis esse odit et ipsam. Sunt dolor enim ut possimus.', 879, 2, 21, '2018-05-27 08:58:55', '2018-05-27 08:58:55'),
(132, 'quod', 'Laudantium velit doloribus et a. Ad dicta suscipit eligendi veniam officia aut enim. Consectetur et exercitationem non in dignissimos et quae. Ab aspernatur earum repellendus delectus sunt soluta architecto.', 511, 7, 27, '2018-05-27 08:58:55', '2018-05-27 08:58:55'),
(133, 'quae', 'Et necessitatibus consequuntur in natus qui alias. Nemo voluptatem minima aspernatur voluptas vel nulla. Officiis molestiae reiciendis magni dignissimos nihil quia delectus. Ex voluptate sit non ab.', 738, 9, 2, '2018-05-27 08:58:55', '2018-05-27 08:58:55'),
(134, 'vel', 'Quia suscipit alias fugit aut atque. Perferendis sit aut quisquam qui provident quae. Dolore recusandae est fugiat totam iure. Dolores aut nostrum officia rem vero deleniti.', 677, 4, 12, '2018-05-27 08:58:55', '2018-05-27 08:58:55'),
(135, 'hic', 'Maiores quo quaerat et id dicta rerum nulla. Quia praesentium non et laudantium. Illum possimus laborum harum aliquid. Quo magnam cum commodi id magnam distinctio ut.', 381, 5, 9, '2018-05-27 08:58:55', '2018-05-27 08:58:55'),
(136, 'illo', 'Voluptatem ut dicta nesciunt natus. Aut corrupti accusantium amet mollitia nemo tempore fugit. Et quibusdam itaque qui illo dolorum quia.', 629, 3, 9, '2018-05-27 08:58:55', '2018-05-27 08:58:55'),
(137, 'reiciendis', 'Itaque et dolorem quis sapiente repellat. Nobis fugit sed exercitationem quia voluptas repellendus eligendi. Totam ex optio tenetur explicabo debitis.', 996, 6, 6, '2018-05-27 08:58:55', '2018-05-27 08:58:55'),
(138, 'quod', 'Et qui saepe nulla nostrum quia non sit eveniet. Et libero dolorem magni dolorem iste quam.', 639, 7, 10, '2018-05-27 08:58:55', '2018-05-27 08:58:55'),
(139, 'ducimus', 'Ut eaque quia temporibus voluptatem sed. Eius quae totam accusantium beatae. Sint quae voluptatem ex eveniet sed ullam. Doloribus autem magnam qui ducimus.', 277, 7, 9, '2018-05-27 08:58:55', '2018-05-27 08:58:55'),
(140, 'aut', 'Porro voluptate error beatae iste. Culpa tenetur non facilis explicabo quod. Est consequuntur sint ea incidunt sint veniam qui. Labore voluptatem veritatis iste dolores dolore aspernatur sed distinctio.', 309, 1, 2, '2018-05-27 08:58:55', '2018-05-27 08:58:55'),
(141, 'odio', 'Fugit accusantium est voluptatem consequuntur natus consequatur harum. Dicta dignissimos voluptatem officiis eos commodi nam quidem voluptatem. Quae quo quod perspiciatis. Non tempora voluptas qui quos in cum id.', 974, 9, 9, '2018-05-27 08:58:55', '2018-05-27 08:58:55'),
(142, 'voluptatem', 'Aut velit autem eius nihil inventore. Dolor molestiae distinctio incidunt voluptatem pariatur. Sit nesciunt consectetur facere. Voluptates accusamus quis minima in.', 569, 8, 23, '2018-05-27 08:58:55', '2018-05-27 08:58:55'),
(143, 'sed', 'Culpa blanditiis corrupti velit omnis est. Quia inventore dicta et aliquid repudiandae ullam sit. Aliquid officiis et ratione enim aut.', 916, 7, 25, '2018-05-27 08:58:55', '2018-05-27 08:58:55'),
(144, 'adipisci', 'Sapiente aut omnis illum sit error quia. Est accusantium laboriosam quis est vel qui. Nostrum quam maxime ut praesentium cupiditate dignissimos praesentium.', 231, 0, 22, '2018-05-27 08:58:55', '2018-05-27 08:58:55'),
(145, 'et', 'Nemo veniam corrupti fugiat exercitationem et ex reiciendis odit. Nemo omnis velit dolor ipsam quos et aut rerum. Aut nobis et ea non velit.', 766, 6, 28, '2018-05-27 08:58:55', '2018-05-27 08:58:55'),
(146, 'voluptas', 'Voluptatem qui dolorem eius. Aliquid quos ut harum maiores accusamus eos. Qui qui enim excepturi repudiandae odit rerum accusantium. A suscipit sit harum molestiae.', 885, 0, 6, '2018-05-27 08:58:55', '2018-05-27 08:58:55'),
(147, 'consequatur', 'Ea quisquam eius enim accusantium labore doloribus. Quos maxime soluta debitis blanditiis consectetur eveniet odio. Ut voluptas consectetur et modi rerum. Molestiae omnis nesciunt libero nulla soluta.', 935, 1, 7, '2018-05-27 08:58:55', '2018-05-27 08:58:55'),
(148, 'incidunt', 'Aspernatur occaecati sapiente modi omnis. Eligendi dolores et ut magni non ut necessitatibus. Provident laborum autem quia laborum.', 961, 8, 15, '2018-05-27 08:58:55', '2018-05-27 08:58:55'),
(149, 'nihil', 'Ut quis fugiat quasi voluptas earum. Tempore veritatis quae qui ab. Provident laudantium rerum nisi necessitatibus laboriosam sunt non. Quaerat nemo magnam sed perferendis praesentium expedita atque.', 109, 5, 12, '2018-05-27 08:58:55', '2018-05-27 08:58:55'),
(150, 'temporibus', 'Eius accusantium placeat non odit et pariatur. Corrupti aut soluta suscipit facere et. Voluptatem ipsam illum aut dolores iusto voluptatem voluptatem.', 523, 8, 13, '2018-05-27 08:58:56', '2018-05-27 08:58:56');

-- --------------------------------------------------------

--
-- Table structure for table `reviews`
--

CREATE TABLE `reviews` (
  `id` int(10) UNSIGNED NOT NULL,
  `product_id` int(10) UNSIGNED NOT NULL,
  `customer` varchar(191) COLLATE utf8_unicode_ci NOT NULL,
  `review` text COLLATE utf8_unicode_ci NOT NULL,
  `star` int(11) NOT NULL,
  `created_at` timestamp NULL DEFAULT NULL,
  `updated_at` timestamp NULL DEFAULT NULL
) ENGINE=InnoDB DEFAULT CHARSET=utf8 COLLATE=utf8_unicode_ci;

--
-- Dumping data for table `reviews`
--

INSERT INTO `reviews` (`id`, `product_id`, `customer`, `review`, `star`, `created_at`, `updated_at`) VALUES
(1, 59, 'Heaven Willms PhD', 'Ut neque ad reiciendis iure et rerum maxime. Porro laboriosam vero quod et quo consequatur culpa aspernatur. In dicta qui et laboriosam quae ut ullam.', 0, '2018-05-27 08:58:56', '2018-05-27 08:58:56'),
(2, 95, 'Cheyanne Cummings', 'Deleniti magni cumque est consequatur consequuntur. Aliquid provident tempore consectetur et dolores quidem. Harum dicta omnis aut quam consequuntur nam quod.', 5, '2018-05-27 08:58:56', '2018-05-27 08:58:56'),
(3, 114, 'Prof. Kayleigh Pfeffer', 'Sequi optio eos accusantium qui. Nobis quam eos perspiciatis fugit et saepe maxime.', 0, '2018-05-27 08:58:56', '2018-05-27 08:58:56'),
(4, 70, 'Austyn Fay', 'Voluptatibus et omnis sapiente et. Recusandae perferendis optio porro est repellat porro. Numquam optio eos quos molestiae sit corporis aut. Laborum beatae consectetur a qui.', 0, '2018-05-27 08:58:56', '2018-05-27 08:58:56'),
(5, 87, 'Kadin Jakubowski', 'Maxime velit eaque commodi suscipit veniam. Dolores dignissimos ut officiis temporibus voluptatem voluptatum sit. Molestiae quae voluptatibus necessitatibus ad cupiditate officiis in.', 2, '2018-05-27 08:58:56', '2018-05-27 08:58:56'),
(6, 107, 'Celia Cassin III', 'Alias libero est earum consequatur ad. Quasi ullam expedita rerum qui. Et eaque harum sed quam.', 5, '2018-05-27 08:58:56', '2018-05-27 08:58:56'),
(7, 131, 'Leora West', 'Consequatur debitis libero et. Modi fugit quas repellat deserunt eos.', 0, '2018-05-27 08:58:56', '2018-05-27 08:58:56'),
(8, 79, 'Favian Rolfson', 'Quasi rerum exercitationem ducimus accusantium et. Assumenda ipsam facere tempora quo velit culpa placeat.', 4, '2018-05-27 08:58:56', '2018-05-27 08:58:56'),
(9, 21, 'Sasha Prohaska', 'Possimus odit suscipit id voluptatem. Nihil iure ut aliquam. Ut reprehenderit unde quo ut nam ut quos. Rerum qui numquam libero tempore est.', 1, '2018-05-27 08:58:57', '2018-05-27 08:58:57'),
(10, 115, 'Brandt Ziemann', 'Voluptas blanditiis similique eius dolores voluptas. Maxime iusto earum ipsam rerum. Perferendis error repellat natus doloremque. Autem et nemo fuga molestias ex illo.', 5, '2018-05-27 08:58:57', '2018-05-27 08:58:57'),
(11, 8, 'Clovis Boyer', 'A distinctio excepturi dignissimos debitis natus. Esse fugiat fuga quibusdam qui repudiandae. Aliquam esse unde hic et.', 3, '2018-05-27 08:58:57', '2018-05-27 08:58:57'),
(12, 56, 'Bridgette Reinger', 'Omnis tempora molestias et eum. Illum libero expedita odit blanditiis aut quo. Atque officia iure veritatis voluptatem qui maiores.', 4, '2018-05-27 08:58:57', '2018-05-27 08:58:57'),
(13, 106, 'Felix Windler', 'Possimus voluptatibus fuga magni ducimus quae. Repellat nisi tenetur et recusandae facilis sed nostrum soluta.', 5, '2018-05-27 08:58:57', '2018-05-27 08:58:57'),
(14, 123, 'Teagan Hackett', 'Laboriosam minima voluptas dolores. Optio autem repellendus non tempore.', 1, '2018-05-27 08:58:57', '2018-05-27 08:58:57'),
(15, 19, 'Jordy Dickens', 'Autem nemo culpa eum hic. Veniam aliquam dicta molestiae dolore eveniet provident. Maxime amet repellendus ea beatae earum.', 3, '2018-05-27 08:58:57', '2018-05-27 08:58:57'),
(16, 135, 'Mr. Ansel Grady PhD', 'Ducimus corporis quae qui magni fuga. Rerum aut consequatur et perspiciatis debitis. Voluptatum et earum deleniti quisquam qui sint est esse.', 5, '2018-05-27 08:58:57', '2018-05-27 08:58:57'),
(17, 144, 'Vilma Rutherford', 'Debitis tempora aut quo qui quibusdam mollitia ut. Corporis et repudiandae nostrum dolorum. Sapiente nostrum expedita ut labore qui ipsam officiis velit. Similique voluptatum voluptatum quidem et praesentium harum.', 1, '2018-05-27 08:58:57', '2018-05-27 08:58:57'),
(18, 11, 'Tomas Vandervort', 'Cum recusandae ipsa vero ipsam. Sit modi in et qui est iusto molestiae. Voluptatem porro sit incidunt id. Dolore dolores odio animi rerum sunt accusantium omnis.', 5, '2018-05-27 08:58:57', '2018-05-27 08:58:57'),
(19, 28, 'Montana Baumbach', 'Neque sapiente nemo tempora. Qui possimus aut molestiae qui ut aperiam labore tempore. Dolores et totam tempore similique et. Nulla earum amet aliquam reiciendis et ipsa. Non mollitia et debitis nemo ut porro amet.', 5, '2018-05-27 08:58:57', '2018-05-27 08:58:57'),
(20, 146, 'Ahmad Hermann', 'Sint iste velit sint blanditiis et et. Aut iure modi illo ut. Et nesciunt aut similique est. Est sit sint qui dignissimos sunt eos.', 2, '2018-05-27 08:58:57', '2018-05-27 08:58:57'),
(21, 140, 'Easter Boyle', 'Totam natus ullam maxime vel a ullam. Non nemo aut illo adipisci est. Cupiditate a est asperiores libero. Perspiciatis aut adipisci rerum.', 2, '2018-05-27 08:58:57', '2018-05-27 08:58:57'),
(22, 33, 'Berenice Rolfson', 'Nesciunt illum dolores esse. Amet eos rerum saepe explicabo ipsum in tempora. Explicabo praesentium reiciendis sapiente omnis ab aut et eos. Ut impedit iure nostrum ut.', 4, '2018-05-27 08:58:57', '2018-05-27 08:58:57'),
(23, 130, 'Miss Jailyn Bauch', 'Explicabo sint praesentium veniam vero quis ut. Sunt est exercitationem dolor exercitationem doloremque assumenda est recusandae.', 5, '2018-05-27 08:58:57', '2018-05-27 08:58:57'),
(24, 8, 'Anabelle Kiehn', 'Illum facilis modi aut ut soluta. Nam libero odio ut placeat non enim quis. Inventore nam dolore consectetur reiciendis et veniam voluptas deleniti.', 2, '2018-05-27 08:58:57', '2018-05-27 08:58:57'),
(25, 127, 'Dr. Ralph Nicolas Jr.', 'Earum quaerat velit pariatur nihil quia consequuntur culpa quaerat. Distinctio voluptates eum facilis assumenda et veniam. Dolorem voluptatibus hic illum. Inventore hic quisquam ea inventore quo officia dicta vitae.', 5, '2018-05-27 08:58:57', '2018-05-27 08:58:57'),
(26, 35, 'Leonora D\'Amore I', 'Aut atque placeat sequi laudantium doloribus. Vitae sed pariatur voluptatem. Cumque fugiat temporibus qui animi explicabo velit maiores.', 4, '2018-05-27 08:58:57', '2018-05-27 08:58:57'),
(27, 129, 'Benny Rodriguez', 'Ducimus et esse saepe at et. Ut molestias consequuntur eos et maxime quia. Accusamus aut aut consequatur ut. Minima id sed tempora exercitationem quibusdam vitae.', 2, '2018-05-27 08:58:57', '2018-05-27 08:58:57'),
(28, 101, 'Tess Medhurst', 'Aliquam ut pariatur neque et ut. Molestiae voluptatem deleniti nostrum aut id rerum qui. Sunt voluptate omnis ab perspiciatis eos mollitia reiciendis. Aut nostrum aperiam ad consequatur asperiores omnis asperiores deleniti. Dicta officia sunt deleniti sed repellendus qui sapiente rerum.', 1, '2018-05-27 08:58:57', '2018-05-27 08:58:57'),
(29, 117, 'Vernon Schulist', 'Consectetur natus et quia voluptatibus quis sit voluptas voluptatem. Et omnis nulla ea voluptas id aut. Architecto quia autem natus quas.', 2, '2018-05-27 08:58:57', '2018-05-27 08:58:57'),
(30, 92, 'Mr. Maxime Sauer Jr.', 'Et vel eum non delectus. Voluptas culpa facere vitae quidem. Dignissimos accusamus voluptatem minima dolorem ea.', 4, '2018-05-27 08:58:57', '2018-05-27 08:58:57'),
(31, 120, 'Luz Murazik', 'In dolores ut molestias nihil. Quibusdam quidem itaque voluptatem nihil sunt quia. Vel possimus quaerat eaque minus est eius error nostrum.', 3, '2018-05-27 08:58:57', '2018-05-27 08:58:57'),
(32, 110, 'Dr. Ayana Gibson V', 'Officiis non voluptates iste minima fugit quaerat nobis mollitia. Deleniti ea recusandae officiis fuga quos numquam. Maxime qui dolorem doloribus.', 3, '2018-05-27 08:58:58', '2018-05-27 08:58:58'),
(33, 35, 'Prof. Libbie Klocko MD', 'Aliquid dolor rem necessitatibus fuga quae perferendis provident omnis. Sed quasi qui libero ut rerum doloribus placeat aut. Totam molestiae aut consequuntur in consectetur qui.', 3, '2018-05-27 08:58:58', '2018-05-27 08:58:58'),
(34, 73, 'Shakira Bashirian', 'Et vel accusantium dolorem expedita tenetur. Enim et quas eos eligendi perspiciatis aspernatur tenetur. Libero earum enim quos harum eos quam. Rerum aut quibusdam iste nobis.', 3, '2018-05-27 08:58:58', '2018-05-27 08:58:58'),
(35, 107, 'Miss Danyka Runolfsson', 'Ut delectus et vel expedita assumenda. Corporis eos accusamus fugiat maiores. Eum eius sit neque ea ipsum laboriosam odit commodi. Qui eum est voluptatibus est eveniet et ipsum.', 3, '2018-05-27 08:58:58', '2018-05-27 08:58:58'),
(36, 126, 'Lavina Haley', 'Et ipsum aut sint ab corporis laborum. Velit exercitationem temporibus quam esse ea. Sunt excepturi odit rerum perferendis distinctio ut magnam dolores. Alias aut nisi debitis vitae aut incidunt impedit non.', 4, '2018-05-27 08:58:58', '2018-05-27 08:58:58'),
(37, 128, 'Mr. Lonny Kshlerin', 'Earum ullam ut nesciunt aut ducimus. Laudantium tempore vitae quisquam et. Autem rerum aperiam nemo necessitatibus eaque.', 3, '2018-05-27 08:58:58', '2018-05-27 08:58:58'),
(38, 4, 'Miss Lucienne O\'Keefe Sr.', 'Saepe nisi nemo aliquid inventore enim possimus. Eligendi perspiciatis iusto voluptatem temporibus explicabo est. Rerum modi voluptatibus debitis cum iste ut. Sed quidem assumenda occaecati praesentium officiis blanditiis.', 0, '2018-05-27 08:58:58', '2018-05-27 08:58:58'),
(39, 105, 'Britney Klocko II', 'Sit fugit temporibus est recusandae. Vel magnam quas voluptas incidunt nobis praesentium. Quisquam commodi corporis assumenda atque odio amet.', 5, '2018-05-27 08:58:58', '2018-05-27 08:58:58'),
(40, 128, 'Marjolaine Bartell', 'Fuga consequuntur ut autem voluptate est unde. Est voluptates sit cum sapiente et. Ut consequatur ducimus iusto pariatur dolorum id. Amet suscipit cupiditate at minima accusamus qui veritatis.', 1, '2018-05-27 08:58:58', '2018-05-27 08:58:58'),
(41, 51, 'Manuela Boyle', 'Aut nesciunt voluptatem quia. Voluptas saepe distinctio amet odit omnis porro. Omnis sunt minus est aut commodi.', 2, '2018-05-27 08:58:58', '2018-05-27 08:58:58'),
(42, 30, 'Alfredo Kling', 'Debitis ut eveniet quo assumenda vel. Doloremque voluptatibus aut ut quis quis. Expedita sit non in nemo voluptatem. Iste et sint facere et dolor et.', 5, '2018-05-27 08:58:58', '2018-05-27 08:58:58'),
(43, 37, 'Dallas Hagenes', 'Placeat voluptatum ea quasi ex ad eum ducimus. Nesciunt asperiores asperiores consequatur corporis quibusdam pariatur. Quod consequatur aut nihil laboriosam.', 4, '2018-05-27 08:58:58', '2018-05-27 08:58:58'),
(44, 99, 'Dr. Miller Batz', 'Autem voluptas et nisi. Provident ipsam praesentium nesciunt labore. Tempora molestias animi illum laborum doloribus est. Non dolor doloribus aut in.', 4, '2018-05-27 08:58:58', '2018-05-27 08:58:58'),
(45, 20, 'Prof. Whitney VonRueden DDS', 'Dolore atque sed debitis est non dolor et tenetur. Accusamus ea et earum cupiditate non. Veritatis alias non dolorum necessitatibus hic. Aut temporibus illum aut sunt quibusdam ipsam et.', 3, '2018-05-27 08:58:58', '2018-05-27 08:58:58'),
(46, 85, 'Elsa Bahringer MD', 'Impedit voluptatem eum accusantium laborum facere distinctio. Totam vero ut ut. Delectus aut tempora harum et nemo id. Reiciendis dolorem impedit nam facilis ex eveniet.', 3, '2018-05-27 08:58:58', '2018-05-27 08:58:58'),
(47, 46, 'Mr. Roderick Volkman', 'Aut similique ea soluta placeat sunt vel debitis. Laudantium ea praesentium nihil suscipit aut iste et. Non omnis repudiandae qui rem accusantium excepturi. Qui eos sapiente ad consequatur.', 2, '2018-05-27 08:58:58', '2018-05-27 08:58:58'),
(48, 17, 'Hortense Zemlak IV', 'Qui facilis dolorem minus itaque aut nesciunt. Et eos aut molestiae error non voluptas. Ea sit ut amet tempora. Excepturi laudantium quod doloribus cum blanditiis. Repudiandae sit tenetur dolorum voluptates placeat a blanditiis sunt.', 2, '2018-05-27 08:58:58', '2018-05-27 08:58:58'),
(49, 122, 'Dr. Bennett Bernhard MD', 'Ut possimus rerum dolore laudantium. Repudiandae enim et tempore dolorem provident voluptatem. Dolor corrupti autem eum laborum porro nihil dolore. Maiores voluptates nemo quia accusamus dolores et.', 4, '2018-05-27 08:58:58', '2018-05-27 08:58:58'),
(50, 128, 'Dennis Armstrong', 'Laborum placeat amet quas molestiae. Nobis perferendis qui sint. Consectetur architecto voluptatibus facilis fugit perferendis rerum corrupti. Earum non iure sed at sint numquam.', 5, '2018-05-27 08:58:58', '2018-05-27 08:58:58'),
(51, 17, 'Jeramy Grimes IV', 'Tempora accusantium enim est modi molestiae. Assumenda tempora corrupti eum temporibus perspiciatis sit non nemo. Quibusdam distinctio provident aut facere reprehenderit eum aut incidunt. Ipsam veniam velit ipsa consectetur et rerum.', 5, '2018-05-27 08:58:58', '2018-05-27 08:58:58'),
(52, 141, 'Allie Pouros', 'Numquam id autem sunt magni ea. Quia voluptatem qui enim porro eum vel deleniti. Non dolores et ipsam quas et dolores aut. Cum quaerat quia maiores error ut.', 5, '2018-05-27 08:58:58', '2018-05-27 08:58:58'),
(53, 77, 'Zachariah DuBuque', 'Ut in commodi autem autem omnis necessitatibus. Non sint consequatur et sit soluta impedit. Nam voluptatem voluptas nam quos deserunt exercitationem.', 3, '2018-05-27 08:58:58', '2018-05-27 08:58:58'),
(54, 24, 'Bartholome Feest PhD', 'Nesciunt accusantium saepe sed eum alias. Iusto autem expedita sed cupiditate eos repudiandae voluptatem. Ea omnis sapiente asperiores sit beatae.', 1, '2018-05-27 08:58:58', '2018-05-27 08:58:58'),
(55, 116, 'Ms. Victoria Frami I', 'Error aut occaecati animi veritatis voluptatem quasi minus. Est adipisci voluptatem ut natus autem velit. Quos consequatur eos ea explicabo. Qui repellat autem ipsa totam officiis sit. At eos fugiat molestiae accusamus ratione.', 3, '2018-05-27 08:58:58', '2018-05-27 08:58:58'),
(56, 145, 'Prof. Archibald Torphy', 'Voluptatum quasi autem voluptatem blanditiis harum. Enim corrupti repudiandae occaecati voluptatem ipsa autem officiis a. Quasi quae reprehenderit mollitia eos.', 5, '2018-05-27 08:58:58', '2018-05-27 08:58:58'),
(57, 127, 'Louisa Mertz', 'Eveniet illo saepe omnis. Explicabo enim maxime est est rerum tempore aut. Voluptas ut tenetur molestiae nisi.', 0, '2018-05-27 08:58:58', '2018-05-27 08:58:58'),
(58, 115, 'Earnest Cummerata', 'Explicabo voluptatibus ducimus quis eos. Fuga doloribus soluta ea non accusamus similique adipisci. Rerum eos est vero quia et. Sed aut consequuntur necessitatibus autem in.', 4, '2018-05-27 08:58:58', '2018-05-27 08:58:58'),
(59, 130, 'Heath Roberts', 'Recusandae est accusantium eum aliquam. Dolorum deserunt vel eveniet eligendi. Itaque ipsa ullam animi totam et. Alias sed tempore autem enim.', 3, '2018-05-27 08:58:58', '2018-05-27 08:58:58'),
(60, 127, 'Devante Lakin', 'Alias dolorem occaecati possimus dignissimos ut magnam. Accusantium quo voluptate iure sit laborum. Dolor id quod et dolor. Quo nesciunt enim praesentium voluptas.', 4, '2018-05-27 08:58:59', '2018-05-27 08:58:59'),
(61, 37, 'Mrs. Damaris Kutch MD', 'Autem asperiores voluptas commodi quod quae ut necessitatibus. Doloribus et quos aperiam suscipit nobis possimus quis. Nisi deleniti et repellendus autem molestias labore. Excepturi ut non sed dignissimos provident et perspiciatis. Nulla ut iste nihil deleniti vel porro in dolore.', 4, '2018-05-27 08:58:59', '2018-05-27 08:58:59'),
(62, 35, 'Pink Dickens PhD', 'Reprehenderit necessitatibus reprehenderit voluptates amet atque cum est. Ea eius harum fuga. Sit vero ipsam laboriosam aut ut sint.', 2, '2018-05-27 08:58:59', '2018-05-27 08:58:59'),
(63, 52, 'Cary Maggio', 'Officia officia consequuntur eum ea sequi id. Laboriosam quis dolorem facilis eum veniam voluptatem in beatae. Consequatur qui nostrum dolores quae qui ex quia iste.', 4, '2018-05-27 08:58:59', '2018-05-27 08:58:59'),
(64, 142, 'Prof. Abel Medhurst', 'Repellat qui beatae sunt sint odio. Voluptatem nobis nulla nam occaecati exercitationem porro. Eum culpa aut aut non est suscipit. Omnis officiis et nemo veniam.', 0, '2018-05-27 08:58:59', '2018-05-27 08:58:59'),
(65, 121, 'Prof. Luna Fisher PhD', 'Dolores iure labore consequatur et quia. Aut facilis nihil recusandae eos unde eum repellat. Ea non inventore possimus enim. Eius culpa qui facilis exercitationem laudantium totam.', 2, '2018-05-27 08:58:59', '2018-05-27 08:58:59'),
(66, 69, 'Johnpaul Rutherford', 'Est molestiae corrupti magnam exercitationem. Aliquid veritatis perspiciatis incidunt et rerum placeat consectetur. Blanditiis et unde hic molestiae rerum tempore. Quidem omnis doloremque qui repellendus suscipit.', 4, '2018-05-27 08:58:59', '2018-05-27 08:58:59'),
(67, 112, 'Elise Kunde', 'Dicta dolor ea quod corporis. Rerum nemo dignissimos corporis a enim voluptatem. Ut aut facere tempore ut autem. Doloremque error sed qui assumenda.', 2, '2018-05-27 08:58:59', '2018-05-27 08:58:59'),
(68, 94, 'Mr. Ransom Jacobs', 'Eveniet quo non temporibus et nobis. Autem quia at error atque placeat voluptatem. Voluptate saepe molestiae sit qui. Aut qui aliquam mollitia accusantium impedit alias.', 0, '2018-05-27 08:58:59', '2018-05-27 08:58:59'),
(69, 127, 'Mr. Lamar Rowe DVM', 'Tempore dolores fuga repellat non quidem consequuntur asperiores. Dolorem aut rerum et. Temporibus nihil incidunt nulla mollitia iusto qui. Omnis ipsa rem enim distinctio ex.', 0, '2018-05-27 08:58:59', '2018-05-27 08:58:59'),
(70, 114, 'Sage Ritchie IV', 'A sed consequatur voluptates ipsa optio consectetur magni. Eum quo voluptatem rerum et ad. Dignissimos eos consequuntur fugit consequatur quia.', 4, '2018-05-27 08:58:59', '2018-05-27 08:58:59'),
(71, 120, 'Maggie Stehr', 'Ea quasi qui blanditiis occaecati voluptas. Suscipit numquam repellat odit veritatis error unde. Nobis fugit labore ex voluptas rerum quam recusandae. Ratione voluptas ut reiciendis deserunt ipsum id.', 0, '2018-05-27 08:58:59', '2018-05-27 08:58:59'),
(72, 72, 'Shane Mitchell Jr.', 'In corrupti quo qui labore delectus qui. Et recusandae consectetur asperiores beatae dolor. Minus omnis suscipit voluptatem accusantium rem nisi neque. Dolore possimus saepe ut nostrum veritatis voluptate.', 5, '2018-05-27 08:58:59', '2018-05-27 08:58:59'),
(73, 6, 'Gerhard Heller', 'Voluptas aut illo id omnis quis quos. Magni sed laborum iste. Sint qui odio magni saepe.', 2, '2018-05-27 08:58:59', '2018-05-27 08:58:59'),
(74, 9, 'Hailey Braun', 'Occaecati autem et eos quasi. Veniam nulla dignissimos quas consequatur est accusantium sint.', 1, '2018-05-27 08:58:59', '2018-05-27 08:58:59'),
(75, 9, 'Jameson Parisian', 'Voluptatem et praesentium rerum ut eum quibusdam. Debitis rerum dolorem sed. Impedit sint enim sit sint corporis. Perspiciatis similique recusandae consequuntur neque.', 4, '2018-05-27 08:58:59', '2018-05-27 08:58:59'),
(76, 131, 'Erik Schoen', 'Voluptatum et sit doloremque error minus qui. Qui nam est quisquam accusantium qui quia.', 5, '2018-05-27 08:58:59', '2018-05-27 08:58:59'),
(77, 6, 'Miss Lisa Metz', 'Ex quas odio reiciendis ullam est maiores. Non accusamus neque hic molestias qui illo necessitatibus. Error rerum molestiae corporis et.', 2, '2018-05-27 08:58:59', '2018-05-27 08:58:59'),
(78, 17, 'Alvena Zulauf', 'Architecto tempore ut error mollitia quos laborum. Et voluptatem quas minus ad. Neque tempora ullam culpa inventore aspernatur sit quas.', 5, '2018-05-27 08:58:59', '2018-05-27 08:58:59'),
(79, 69, 'Nestor Runte', 'Ad quia in optio repellat. Voluptate blanditiis velit error quas recusandae enim praesentium id. Ut nostrum magni nulla corporis rerum adipisci qui. Consequatur delectus harum esse quia.', 5, '2018-05-27 08:58:59', '2018-05-27 08:58:59'),
(80, 30, 'Prof. Blanca Ritchie PhD', 'Qui non et iusto inventore et quia quo. Consequuntur dolor ea facilis omnis. Minima eligendi unde voluptas laborum officia totam.', 0, '2018-05-27 08:58:59', '2018-05-27 08:58:59'),
(81, 122, 'Devin Langworth', 'Eos laboriosam illum consequatur in dolor rem temporibus non. Accusamus inventore dolorum officiis sunt nostrum sint porro. Earum minima dolorum voluptatibus neque assumenda eaque eaque.', 0, '2018-05-27 08:58:59', '2018-05-27 08:58:59'),
(82, 79, 'Prof. Odessa Hirthe MD', 'Veritatis eligendi quibusdam fuga quae. Ad est possimus reprehenderit similique quis dolore. Et nam numquam hic.', 3, '2018-05-27 08:58:59', '2018-05-27 08:58:59'),
(83, 52, 'Neal Bernier', 'Fuga ipsum ipsam unde doloribus. Rerum veniam optio accusamus sed esse ea quod est.', 0, '2018-05-27 08:58:59', '2018-05-27 08:58:59'),
(84, 69, 'Trey Durgan V', 'Quod dolore qui veniam neque unde et. Sed error autem ratione itaque. Magnam aut aut voluptatem recusandae voluptas omnis.', 2, '2018-05-27 08:58:59', '2018-05-27 08:58:59'),
(85, 26, 'Fletcher Hammes MD', 'Necessitatibus recusandae accusamus et ut. Quae et nemo cupiditate ut.', 2, '2018-05-27 08:58:59', '2018-05-27 08:58:59'),
(86, 143, 'Gregoria Wiza', 'Dolores nobis eum eos. Debitis magnam est et repellat non. Sequi est nostrum qui similique. Veniam facere doloremque dolor repudiandae.', 2, '2018-05-27 08:58:59', '2018-05-27 08:58:59'),
(87, 20, 'Wilber Jerde MD', 'Id dolore impedit sunt expedita quo. Et maxime ut ut dignissimos ut eius optio. Exercitationem neque expedita sequi accusamus molestias consequuntur. Magnam aut esse iure quia consectetur aliquid omnis voluptatibus.', 1, '2018-05-27 08:58:59', '2018-05-27 08:58:59'),
(88, 38, 'Garrick Parker', 'Et totam consequuntur eius natus culpa incidunt ex. Perferendis autem mollitia consequatur similique. Ducimus nostrum dicta accusantium laborum adipisci quos.', 5, '2018-05-27 08:59:00', '2018-05-27 08:59:00'),
(89, 47, 'Novella Murphy', 'Illum distinctio eum qui et similique. Nostrum magni animi et necessitatibus. Cum illum voluptatem voluptatibus tenetur est facere qui.', 0, '2018-05-27 08:59:00', '2018-05-27 08:59:00'),
(90, 3, 'Dion O\'Connell', 'Ducimus quae inventore et accusamus incidunt rerum. Deserunt aliquam ex dolorem dolorem et cum minima aliquam. Sit laboriosam sit harum amet et unde provident beatae. Perspiciatis rem ut quis voluptatibus dolorem. In iusto porro illo recusandae nobis.', 1, '2018-05-27 08:59:00', '2018-05-27 08:59:00'),
(91, 20, 'Claude Rice', 'Est est aspernatur quia error a et unde eos. Fuga blanditiis accusantium et laborum distinctio quo voluptatibus. Et doloremque suscipit sequi ea. Labore numquam consequatur repudiandae cumque incidunt molestias.', 3, '2018-05-27 08:59:00', '2018-05-27 08:59:00'),
(92, 63, 'Mr. Brain Botsford', 'Tempora nisi possimus recusandae consequatur blanditiis maiores error. Aut qui ex odit dolores est. Culpa omnis et et fugiat incidunt omnis.', 1, '2018-05-27 08:59:00', '2018-05-27 08:59:00'),
(93, 54, 'Prof. Justen Luettgen Jr.', 'Veniam id adipisci delectus omnis accusantium sequi. Alias enim voluptatem consequatur quia labore molestiae. Quidem eveniet in sapiente beatae illo enim dolor dolorem. Reprehenderit qui et magni nisi ut quia.', 1, '2018-05-27 08:59:00', '2018-05-27 08:59:00'),
(94, 66, 'Libbie Koss', 'Sit et cumque id voluptates praesentium. Sunt delectus alias consequatur. Quae occaecati aut rem et saepe non. Odit dolorem molestiae consequuntur fugit aliquid corporis.', 2, '2018-05-27 08:59:00', '2018-05-27 08:59:00'),
(95, 125, 'Blair Hilll', 'Accusamus at quia consequatur minus est accusantium. Totam vero temporibus non excepturi quia at ab. Et ut velit enim minus quis molestias error amet. Est voluptas expedita necessitatibus distinctio voluptatibus ipsam et.', 5, '2018-05-27 08:59:00', '2018-05-27 08:59:00'),
(96, 57, 'Norris Quigley', 'Praesentium quia ex fugit tempora asperiores ut. Rerum rerum fugit illum qui id tempore. Autem eaque cumque eaque deserunt. Ut porro aut est laudantium. Ex et voluptate sequi architecto id aut repellendus et.', 4, '2018-05-27 08:59:00', '2018-05-27 08:59:00'),
(97, 65, 'Bridgette Fadel', 'Optio perferendis voluptatem sunt sed. Distinctio impedit itaque minus odio in laudantium animi. Ut magnam id illo voluptatibus dolorem corporis porro. Aliquid ullam incidunt aut a facere voluptatum. Consequuntur rerum illum cum eligendi porro deserunt.', 0, '2018-05-27 08:59:00', '2018-05-27 08:59:00'),
(98, 103, 'Mr. Omer Harber', 'Rem placeat aliquid quaerat. Dolorem doloribus autem ea laborum eos inventore dolor. Dignissimos omnis eum praesentium quae sunt corporis ipsam molestias. Voluptas modi eius dolores quisquam. Et voluptatum laudantium placeat libero cupiditate nam.', 4, '2018-05-27 08:59:00', '2018-05-27 08:59:00'),
(99, 67, 'Lloyd Hayes PhD', 'Aperiam sit recusandae laboriosam. Corrupti ex aliquid amet est dicta et. A reprehenderit nihil rerum cum et earum.', 1, '2018-05-27 08:59:00', '2018-05-27 08:59:00'),
(100, 17, 'Rhea Miller PhD', 'Error iure aut at eius magnam aut. Sint ex debitis consequatur nesciunt provident et. Sunt ad repudiandae unde in et beatae vitae. Modi omnis eius laboriosam et nemo et sit voluptates.', 0, '2018-05-27 08:59:00', '2018-05-27 08:59:00'),
(101, 64, 'Eldred Schaefer PhD', 'Porro et eaque hic dolor. Vero sunt ut temporibus tempora ex harum. Pariatur error nulla rerum sunt consequuntur numquam iste labore.', 3, '2018-05-27 08:59:00', '2018-05-27 08:59:00'),
(102, 5, 'Rhiannon Hills', 'Occaecati culpa expedita autem ut dolorem. Beatae voluptas perferendis sit ex aut ipsum eos. Consectetur velit laboriosam temporibus asperiores minima sed.', 1, '2018-05-27 08:59:00', '2018-05-27 08:59:00'),
(103, 30, 'Mr. Hazel Braun', 'Nulla illum aut sed nisi. Reiciendis est eligendi unde incidunt commodi quis perferendis. Fugiat nostrum qui earum ipsam.', 2, '2018-05-27 08:59:00', '2018-05-27 08:59:00'),
(104, 80, 'Aglae Boyle', 'Aliquam delectus optio rem odit voluptate culpa. Earum eum quod voluptatem aut. Odit vero reprehenderit odio.', 0, '2018-05-27 08:59:00', '2018-05-27 08:59:00'),
(105, 4, 'Ashtyn Donnelly', 'Quas est et eius incidunt odit nemo occaecati. Eos qui dolores unde reprehenderit. Rem fugiat asperiores reprehenderit molestiae praesentium. Ut magnam in omnis voluptatem commodi. Voluptas quasi nobis rem dicta vero eos cupiditate.', 1, '2018-05-27 08:59:00', '2018-05-27 08:59:00'),
(106, 78, 'Rosario Greenfelder', 'Omnis iste soluta et dolore. Dolor aut qui quae velit qui. Qui pariatur provident cum modi commodi. Qui nulla ea et dolor.', 0, '2018-05-27 08:59:00', '2018-05-27 08:59:00'),
(107, 41, 'Ozella Schmidt', 'Voluptatibus aut rerum et amet illum. Ut odio ratione et id. Nihil in sit qui vel est aut.', 3, '2018-05-27 08:59:00', '2018-05-27 08:59:00'),
(108, 77, 'Kelvin Stiedemann', 'Est ut occaecati fugiat enim aliquid. Veritatis sunt totam quo eaque eligendi blanditiis. Aliquam harum animi pariatur vel consequatur. Placeat veritatis voluptatem odit magni laboriosam.', 5, '2018-05-27 08:59:01', '2018-05-27 08:59:01'),
(109, 141, 'Dorothy Blanda', 'Est dolores nihil omnis voluptatem iusto quia a. Sed mollitia eaque qui placeat occaecati. Cumque ea voluptas cupiditate nobis non earum sed vel.', 2, '2018-05-27 08:59:01', '2018-05-27 08:59:01'),
(110, 14, 'Hanna Abshire', 'Sed aut impedit modi assumenda nobis. Quis voluptatibus nobis fugit hic sequi doloribus et.', 0, '2018-05-27 08:59:01', '2018-05-27 08:59:01'),
(111, 44, 'Ms. Taryn Koelpin DVM', 'Ex nihil ea qui accusamus maxime soluta. Sit numquam aspernatur nostrum eos eos. Numquam est repellat laboriosam nihil dicta.', 0, '2018-05-27 08:59:01', '2018-05-27 08:59:01'),
(112, 22, 'Jasmin Feil MD', 'Nulla ut veniam eos omnis dignissimos facilis. Eum nihil vel rerum ipsa at. Ipsam nihil aut et. Aut cum perferendis animi odio tempora illum.', 1, '2018-05-27 08:59:01', '2018-05-27 08:59:01'),
(113, 110, 'Melyssa Lueilwitz', 'Est natus voluptatem in vero libero. Ratione assumenda laudantium voluptatum. Molestiae sint et molestiae minima voluptatem. Voluptas earum dignissimos temporibus aspernatur.', 4, '2018-05-27 08:59:01', '2018-05-27 08:59:01'),
(114, 93, 'Prof. Hank Lakin', 'Facere omnis nesciunt a magnam atque ea perferendis. Voluptatibus rerum non sit enim. Rerum corporis aut iure. Delectus magnam quam aliquid.', 3, '2018-05-27 08:59:01', '2018-05-27 08:59:01'),
(115, 35, 'Asa Jast', 'Facere soluta deleniti adipisci. Quis cum consequatur quos dolores est. Exercitationem voluptas voluptate atque veniam nihil consequuntur optio. Suscipit dolorum veritatis eaque quaerat cumque dignissimos et.', 2, '2018-05-27 08:59:01', '2018-05-27 08:59:01'),
(116, 149, 'Otto Gleason', 'Aut autem et dolor nam mollitia fuga. Fuga quae beatae aut quo accusantium est. Inventore architecto tenetur omnis ratione sapiente. Assumenda quidem unde numquam voluptatibus velit.', 0, '2018-05-27 08:59:01', '2018-05-27 08:59:01'),
(117, 117, 'Mr. Salvatore Predovic', 'Omnis odio ut sit et nihil voluptatem. Tempore soluta et sit quis qui praesentium. A animi debitis alias harum dolor at voluptatum nihil.', 3, '2018-05-27 08:59:01', '2018-05-27 08:59:01'),
(118, 130, 'Prof. Norval Rice', 'Similique soluta quo sit et sed. Ducimus iste ea nisi quia. Qui nam expedita dolore mollitia.', 1, '2018-05-27 08:59:01', '2018-05-27 08:59:01'),
(119, 95, 'Raheem Feest', 'Quia dolor alias autem ipsa. Accusamus pariatur est deserunt ratione ea accusantium in vitae. Voluptatem dolor numquam voluptas saepe. Consequatur sed molestias suscipit similique.', 2, '2018-05-27 08:59:01', '2018-05-27 08:59:01'),
(120, 115, 'Elbert O\'Reilly', 'Vero et rerum doloremque ipsa magnam. Nam nihil nam id excepturi. Quia quo dolorem rerum soluta ut aut libero.', 5, '2018-05-27 08:59:01', '2018-05-27 08:59:01'),
(121, 142, 'Grace Ledner', 'Architecto inventore perspiciatis incidunt provident iusto. Commodi vel accusamus in consequatur odio iste aut hic. Dignissimos amet officiis repudiandae ut officiis labore. Consequatur quis quo qui autem est sint.', 5, '2018-05-27 08:59:01', '2018-05-27 08:59:01'),
(122, 136, 'Magdalen Beer', 'Deleniti ut aut pariatur omnis et. Quia beatae libero consectetur illo. Possimus molestiae recusandae ipsa voluptatem illo. Blanditiis laudantium consequatur beatae error est provident.', 1, '2018-05-27 08:59:01', '2018-05-27 08:59:01'),
(123, 47, 'Dr. Erich Ernser', 'Qui quisquam aut aspernatur optio quia quo. Eum vero impedit in aut dolores corporis eum. Amet rerum nesciunt quia minima. Eos labore odio quos.', 4, '2018-05-27 08:59:01', '2018-05-27 08:59:01'),
(124, 93, 'Mertie Prohaska', 'Enim est ut repellat blanditiis labore. Neque non incidunt pariatur laudantium velit. Necessitatibus iure laboriosam suscipit nostrum et.', 2, '2018-05-27 08:59:01', '2018-05-27 08:59:01'),
(125, 27, 'Madeline Conroy', 'Dolor eius corporis deleniti. Voluptatem optio sunt est laudantium nemo. Quia error ullam nemo mollitia sunt explicabo. Quibusdam autem beatae nesciunt ut laboriosam rerum et.', 0, '2018-05-27 08:59:01', '2018-05-27 08:59:01'),
(126, 132, 'Prof. Pete Bauch', 'Sequi et consequuntur quas est. Consequatur sit eum veniam assumenda harum ut nihil aliquid. Recusandae doloremque quidem aut quidem voluptas. Voluptas iusto rem omnis possimus quas.', 2, '2018-05-27 08:59:01', '2018-05-27 08:59:01'),
(127, 74, 'Saul Ondricka', 'Autem voluptate nesciunt nisi earum velit enim quae. Ad quos consectetur qui ab sit reiciendis optio. Omnis provident veritatis quod distinctio saepe sed.', 3, '2018-05-27 08:59:01', '2018-05-27 08:59:01'),
(128, 137, 'Aaliyah Stiedemann', 'Optio sed inventore ab magni. Consequatur eos minus expedita ab dolores nemo. Et nihil magni ut ut.', 1, '2018-05-27 08:59:01', '2018-05-27 08:59:01'),
(129, 24, 'Mr. Judah Kunde', 'Numquam eos distinctio saepe eius. Aperiam nisi ea qui.', 2, '2018-05-27 08:59:01', '2018-05-27 08:59:01'),
(130, 111, 'Lolita Gislason', 'Ullam consequatur reprehenderit dolorum eaque itaque. Eos inventore nihil est velit. Cupiditate reprehenderit in ab rem. Quaerat aliquam reprehenderit eum id voluptates voluptatem sit.', 1, '2018-05-27 08:59:02', '2018-05-27 08:59:02'),
(131, 71, 'Mrs. Zoe Mertz IV', 'A aut dolorum velit eius voluptatem id. Ea consequatur accusamus nisi. Culpa deserunt labore aut ut mollitia dolorem. Tempore consequatur est sunt at enim numquam quo.', 4, '2018-05-27 08:59:02', '2018-05-27 08:59:02'),
(132, 48, 'Miss Jadyn Spencer', 'Distinctio est aliquam distinctio aspernatur a. Illum quia accusamus fugiat. Magnam autem autem ut quo et fuga. Provident est officia optio beatae placeat itaque.', 0, '2018-05-27 08:59:02', '2018-05-27 08:59:02'),
(133, 57, 'Zoe Bechtelar II', 'Laboriosam eligendi reprehenderit aperiam voluptatum. Temporibus voluptatem architecto consequuntur.', 3, '2018-05-27 08:59:02', '2018-05-27 08:59:02'),
(134, 3, 'Garret Prohaska', 'Consequatur aspernatur et omnis consequatur accusamus vel quis. Maxime laudantium accusantium et qui.', 4, '2018-05-27 08:59:02', '2018-05-27 08:59:02'),
(135, 118, 'Mr. Jalen Schinner', 'Beatae autem enim ad est voluptas ipsum. Sunt ipsa laboriosam nihil minus.', 2, '2018-05-27 08:59:02', '2018-05-27 08:59:02'),
(136, 76, 'Joaquin King', 'Recusandae velit architecto ad ipsum ipsa explicabo deserunt facere. Sit sint quas voluptatem et dolorem a unde at. Inventore qui reprehenderit nobis maxime corrupti illo. Blanditiis eum consequatur doloribus.', 1, '2018-05-27 08:59:02', '2018-05-27 08:59:02'),
(137, 64, 'Prof. Taryn Becker I', 'Perferendis numquam mollitia quos est. Ducimus alias aliquam omnis porro fuga. Occaecati et ut dolores a voluptas.', 0, '2018-05-27 08:59:02', '2018-05-27 08:59:02'),
(138, 147, 'June Connelly', 'Non quibusdam velit impedit voluptatum quas. Est et nihil dolores ipsum qui aut necessitatibus. Dolorem numquam sequi consectetur doloribus. Accusamus odio quos odit repellat praesentium facere.', 4, '2018-05-27 08:59:02', '2018-05-27 08:59:02'),
(139, 81, 'Vernice King', 'Et aut sequi officia quia. Eos doloribus similique est quo accusantium voluptas labore officiis. Et incidunt quia quae et reprehenderit.', 1, '2018-05-27 08:59:02', '2018-05-27 08:59:02'),
(140, 24, 'Mr. Lamont Hilll', 'Quo culpa est molestiae quo minima. Esse hic ex consequatur autem voluptatem facere. Veritatis dolores qui ut nulla ex quasi sed.', 2, '2018-05-27 08:59:02', '2018-05-27 08:59:02'),
(141, 24, 'Dr. Jaquan Hagenes', 'Voluptas enim commodi id deleniti. Sit reiciendis ullam molestiae tempora recusandae quo. Molestias a hic iusto beatae aliquid explicabo commodi. Recusandae deserunt et molestiae dolorem.', 4, '2018-05-27 08:59:02', '2018-05-27 08:59:02'),
(142, 125, 'Dejon Hudson MD', 'Quod nihil omnis rem laborum. Quibusdam assumenda distinctio enim sit quaerat quae veritatis. Dignissimos consequatur ratione ut rerum officiis atque. Ipsam iusto laboriosam culpa culpa eveniet.', 1, '2018-05-27 08:59:02', '2018-05-27 08:59:02'),
(143, 142, 'Alysha Jerde', 'Beatae itaque assumenda rerum eligendi. Vero blanditiis et ducimus rerum soluta deserunt quae nihil. Ut dolore velit dolorum ut est dolor harum temporibus. Sint aspernatur sunt fugiat minus.', 1, '2018-05-27 08:59:02', '2018-05-27 08:59:02'),
(144, 40, 'Sarai Pagac', 'Suscipit aspernatur quo magni voluptatum. Quis officiis quo eveniet ut similique ipsam cupiditate. Ut in autem minima optio. Cupiditate vel impedit laborum odit ea.', 4, '2018-05-27 08:59:02', '2018-05-27 08:59:02'),
(145, 24, 'Cleora Kessler', 'Vel veniam in sit repudiandae ut expedita. Ut magni voluptatibus perferendis dolores. Distinctio sunt voluptas quas quam laboriosam est eum. In sunt error et a.', 1, '2018-05-27 08:59:02', '2018-05-27 08:59:02'),
(146, 81, 'Hettie Bailey', 'Quos ut ab adipisci itaque non vero. Illum architecto alias ullam blanditiis dolor eius provident. Nihil omnis odio cumque aspernatur totam fugit magnam. Est quia veritatis natus dolores eos.', 0, '2018-05-27 08:59:02', '2018-05-27 08:59:02'),
(147, 133, 'Geo Raynor', 'Eos fugiat amet veniam numquam. Necessitatibus voluptates ut aspernatur quia et explicabo molestiae. Iste consequatur quis non tempora distinctio facilis dolor ab. Rerum rerum eaque et impedit.', 0, '2018-05-27 08:59:02', '2018-05-27 08:59:02'),
(148, 101, 'Dr. Kaelyn Dach DDS', 'Molestiae asperiores tempore dignissimos nesciunt architecto ratione magni dolores. Ut odit voluptatem est odio similique. Quaerat unde nihil ea et. Aut reprehenderit qui sed sit placeat.', 1, '2018-05-27 08:59:02', '2018-05-27 08:59:02'),
(149, 133, 'Sedrick Lubowitz', 'Modi perspiciatis illo ipsum magni occaecati officia. Reprehenderit et reprehenderit et. Dolores et commodi illo incidunt a iusto vitae. Consequatur tenetur quia possimus commodi.', 5, '2018-05-27 08:59:03', '2018-05-27 08:59:03'),
(150, 134, 'Valentina Durgan', 'Ut tempore doloremque facere adipisci enim laborum quo nostrum. Eligendi commodi culpa eos consectetur qui minima eum. Doloremque fugit magnam aut eos.', 1, '2018-05-27 08:59:03', '2018-05-27 08:59:03'),
(151, 80, 'Moises Goyette', 'In a tempora temporibus odio ipsa animi commodi. Ab sit consectetur consequatur. Ut velit architecto provident consequatur.', 0, '2018-05-27 08:59:03', '2018-05-27 08:59:03'),
(152, 49, 'Ms. Aiyana Connelly Jr.', 'Quisquam unde et odio ex sit. Fugit omnis est voluptatem eligendi dolorum quia rerum. Voluptatem laudantium dignissimos placeat rerum id consequatur. Aut veritatis voluptates eos doloribus vel molestias quia ut.', 5, '2018-05-27 08:59:03', '2018-05-27 08:59:03'),
(153, 1, 'Jaime Cruickshank', 'Et qui non modi ab est. Non libero quam autem illo. Cum atque in natus autem aspernatur voluptatem. Praesentium dignissimos quidem aut ut molestiae.', 1, '2018-05-27 08:59:03', '2018-05-27 08:59:03'),
(154, 66, 'Jacynthe McLaughlin', 'Tenetur est repudiandae earum. Est tempora et molestiae sed ullam aut sed expedita. Est fugiat vel molestias veritatis temporibus.', 0, '2018-05-27 08:59:03', '2018-05-27 08:59:03'),
(155, 85, 'Grayce Morissette', 'Eum sit dignissimos tenetur fugit aut labore dolore. Voluptatem sint aut minima. Est labore alias numquam quis.', 1, '2018-05-27 08:59:03', '2018-05-27 08:59:03'),
(156, 47, 'Alta Ruecker', 'Sit nobis consequatur aut non sint. Neque dolor reiciendis laboriosam earum. Et illum ab iusto veniam voluptatem aut. Autem laudantium dolore quia vero enim qui sed.', 4, '2018-05-27 08:59:03', '2018-05-27 08:59:03'),
(157, 58, 'Alex Lubowitz', 'Aut incidunt pariatur quisquam tenetur. Itaque et sed et ducimus aut iste consequatur odit. Vel illum sed sit. Perferendis odit nobis culpa nihil provident tenetur.', 4, '2018-05-27 08:59:03', '2018-05-27 08:59:03'),
(158, 122, 'Dillan Rippin', 'Quia sit non voluptas eius qui autem. Itaque non consequatur dicta dolores quaerat incidunt. Odit animi eum ut repudiandae.', 2, '2018-05-27 08:59:03', '2018-05-27 08:59:03'),
(159, 69, 'Clair Hackett', 'Voluptatem quia quo deleniti saepe incidunt enim totam exercitationem. Possimus praesentium illum iste tempore dolor ad sequi. Sit illum reprehenderit dignissimos officiis.', 1, '2018-05-27 08:59:03', '2018-05-27 08:59:03'),
(160, 107, 'Eliezer Macejkovic', 'Sed qui quia labore molestiae voluptas commodi. Molestiae soluta voluptates nemo eaque laborum sint. Recusandae ducimus id ad voluptas. Id harum occaecati quae repellat corporis. Quia sunt voluptatem rerum maiores.', 2, '2018-05-27 08:59:03', '2018-05-27 08:59:03'),
(161, 3, 'Erich Rath', 'Corporis dignissimos saepe omnis molestiae architecto non. Molestias qui soluta occaecati inventore vel cupiditate omnis. Ut nihil nobis illo at. Magni dolorem et aut magnam. Est officia facilis ipsum nobis.', 2, '2018-05-27 08:59:03', '2018-05-27 08:59:03'),
(162, 56, 'Mr. Cloyd Lesch Jr.', 'Repellendus sunt magnam illo et unde corporis nihil. Necessitatibus unde cum eius illo dolor deleniti. Consequatur doloribus est eum impedit amet dolorem.', 5, '2018-05-27 08:59:03', '2018-05-27 08:59:03'),
(163, 49, 'Lauretta Jacobson', 'Expedita fugit inventore maiores ut aperiam. Qui aut est consequuntur rem quia. Et deserunt ut velit. Quos unde hic qui dignissimos mollitia.', 5, '2018-05-27 08:59:03', '2018-05-27 08:59:03'),
(164, 149, 'Ruthe Hyatt', 'Saepe consequatur ad praesentium voluptatem placeat eligendi blanditiis. Exercitationem occaecati sint sequi itaque similique et. Corporis nihil placeat dolorem modi quia ut. Eveniet veritatis magni error odit cupiditate voluptatem eligendi.', 3, '2018-05-27 08:59:03', '2018-05-27 08:59:03'),
(165, 136, 'Gayle Gottlieb', 'Unde magni ratione eligendi quam. Repellendus occaecati est explicabo similique ullam sunt aliquid eaque. Vitae illum a similique adipisci numquam maxime maiores.', 4, '2018-05-27 08:59:03', '2018-05-27 08:59:03'),
(166, 131, 'Megane Harris I', 'Non illum libero hic ut eum consequatur. Ut mollitia reiciendis earum deleniti. Tempora error ad et porro recusandae voluptate.', 2, '2018-05-27 08:59:03', '2018-05-27 08:59:03'),
(167, 22, 'Tatum Corwin IV', 'Mollitia quidem enim quis. Nulla nisi ipsam molestiae. Quaerat illo expedita qui autem quam. Doloremque voluptas sint non ea error nihil nisi.', 0, '2018-05-27 08:59:03', '2018-05-27 08:59:03'),
(168, 118, 'Linda Von', 'Aut cupiditate et nihil. Necessitatibus architecto est libero recusandae illum sit et. Quidem id veniam dignissimos dolorem sit sed ipsum. Dolores maxime aut porro veniam aut ducimus. Adipisci ab assumenda molestias vel eos veniam rerum.', 3, '2018-05-27 08:59:03', '2018-05-27 08:59:03'),
(169, 48, 'Eudora Boyer', 'Vero consequatur unde sed perferendis autem. Iure et quam voluptas totam. Rem perferendis exercitationem omnis eos soluta eos deleniti consequatur. Est et ratione quis eaque ipsa et. Enim dicta assumenda quos voluptate aliquam deleniti blanditiis.', 0, '2018-05-27 08:59:03', '2018-05-27 08:59:03'),
(170, 45, 'Westley Bergnaum', 'A repudiandae vel dolorum. Est est enim quam ipsum. Quisquam velit unde fugiat corporis maxime accusantium vitae nesciunt.', 0, '2018-05-27 08:59:03', '2018-05-27 08:59:03'),
(171, 11, 'Erich Bernier', 'Aut asperiores et qui libero. Eius sint dolorem rem sit id odit. Autem eius magnam ab optio optio qui et nostrum. Ut aut cumque odit incidunt odit.', 1, '2018-05-27 08:59:03', '2018-05-27 08:59:03'),
(172, 74, 'Ryley Waelchi', 'Nulla est eum dolores quibusdam excepturi debitis sed. Suscipit numquam est non. Ut reiciendis voluptatem molestiae laborum perspiciatis ut et.', 3, '2018-05-27 08:59:03', '2018-05-27 08:59:03'),
(173, 6, 'Hoyt Altenwerth', 'Est facere non nobis sit suscipit. Explicabo eos quasi velit. Placeat odio dolorem nesciunt blanditiis neque ullam.', 3, '2018-05-27 08:59:03', '2018-05-27 08:59:03'),
(174, 25, 'Nichole Shanahan', 'Nihil sapiente fuga error quia facere cumque repellendus. Velit deserunt est et beatae. Beatae provident quod atque amet possimus. Dolore perspiciatis sunt quis rem ut quidem.', 5, '2018-05-27 08:59:04', '2018-05-27 08:59:04'),
(175, 31, 'Dr. Hollie Rau Sr.', 'Consequatur voluptates est et suscipit temporibus id. A voluptatum perspiciatis sed totam. Ad ea repellendus consequatur vel dolor. Et quae autem dolore ullam.', 5, '2018-05-27 08:59:04', '2018-05-27 08:59:04'),
(176, 45, 'Prof. Louie Mante', 'Omnis ab pariatur voluptas sit optio eaque blanditiis temporibus. Ea aut enim autem quos perspiciatis rerum qui nisi. Velit unde praesentium blanditiis et non. Voluptate eum repudiandae est sunt culpa iure.', 2, '2018-05-27 08:59:04', '2018-05-27 08:59:04'),
(177, 61, 'Davion Mann', 'Nulla minus quia rerum voluptatem sapiente asperiores maiores. Reprehenderit voluptatibus dolore minima. Omnis eum quia cum rerum.', 4, '2018-05-27 08:59:04', '2018-05-27 08:59:04'),
(178, 10, 'Dr. Marjolaine Botsford', 'Quidem explicabo qui sequi minima eos commodi quos. Nostrum sit non sit minus. Eveniet porro velit quia alias culpa minima.', 3, '2018-05-27 08:59:04', '2018-05-27 08:59:04'),
(179, 146, 'Alice Schowalter', 'Enim culpa voluptatem iusto ad et ea. Quod rerum dignissimos molestias consectetur. Sed quis libero et aliquid libero ut laboriosam.', 1, '2018-05-27 08:59:04', '2018-05-27 08:59:04'),
(180, 47, 'Malinda Berge', 'Quos molestiae quis nisi quibusdam maxime exercitationem. Aliquid illo et commodi doloremque in. Soluta veritatis culpa nihil culpa dignissimos magni. Vel incidunt recusandae odio error doloremque iure in.', 3, '2018-05-27 08:59:04', '2018-05-27 08:59:04'),
(181, 126, 'Arturo Balistreri', 'Debitis minus voluptatem eius et quae. Id reiciendis voluptatum quia. Itaque nemo fuga praesentium ut unde.', 5, '2018-05-27 08:59:04', '2018-05-27 08:59:04'),
(182, 112, 'Dr. Fausto Oberbrunner DDS', 'Occaecati est qui et et voluptatem quibusdam. Aperiam at dolor nobis veritatis ea est blanditiis.', 3, '2018-05-27 08:59:04', '2018-05-27 08:59:04'),
(183, 123, 'Lucienne Labadie MD', 'Possimus neque deserunt neque sit. Nihil tempora nemo facilis occaecati qui. Eum quas fugit harum itaque ut sunt. Quia natus laudantium non. Sed nam molestias ipsam et eos aut placeat beatae.', 4, '2018-05-27 08:59:04', '2018-05-27 08:59:04'),
(184, 102, 'Wilbert Jacobi', 'Fuga molestiae nemo ea et quos similique facere. Nesciunt vel sit impedit rerum sequi dolores voluptatibus aut. Fuga quis fugit doloribus quo dignissimos molestiae. Earum vel quas eligendi et libero doloribus provident.', 0, '2018-05-27 08:59:04', '2018-05-27 08:59:04'),
(185, 21, 'Thelma Tillman', 'Voluptas aut distinctio qui quam voluptate explicabo facere vel. Qui ut sapiente culpa autem. Laudantium ab dolorem nulla voluptatibus esse eum.', 0, '2018-05-27 08:59:04', '2018-05-27 08:59:04'),
(186, 145, 'Mr. Lafayette Stehr MD', 'Quia repudiandae consequatur sed consequatur nostrum. Iusto molestiae aut reprehenderit nihil qui omnis consectetur eveniet. Enim enim ut suscipit eos facere magnam non. Eveniet asperiores autem itaque sed debitis incidunt.', 2, '2018-05-27 08:59:04', '2018-05-27 08:59:04'),
(187, 67, 'Janice Purdy', 'Tempora incidunt qui neque nihil quas ut reprehenderit iste. Tenetur aut temporibus ea vero atque eum expedita. Sit sit molestiae eos labore.', 5, '2018-05-27 08:59:04', '2018-05-27 08:59:04'),
(188, 56, 'Brooke Considine', 'Aut autem provident velit expedita. Doloremque debitis dolorem sapiente occaecati repellendus. Molestias consequatur voluptate commodi magnam sunt asperiores et.', 1, '2018-05-27 08:59:04', '2018-05-27 08:59:04'),
(189, 48, 'Dr. Christiana Leffler IV', 'Quaerat aut rerum ab aspernatur. Enim inventore excepturi omnis qui enim deleniti numquam et. Officia minima rerum et.', 5, '2018-05-27 08:59:04', '2018-05-27 08:59:04'),
(190, 57, 'Ms. Alene Morar V', 'Excepturi sint minima eos. Corporis ducimus et unde eaque voluptas alias natus. Eligendi ut aperiam aut quae.', 0, '2018-05-27 08:59:04', '2018-05-27 08:59:04'),
(191, 7, 'Cary Jacobson', 'A officiis et incidunt tempore minus facilis reiciendis et. Temporibus eveniet itaque minima vero cumque necessitatibus ipsum. Deleniti sequi cum dolores quis.', 5, '2018-05-27 08:59:04', '2018-05-27 08:59:04'),
(192, 12, 'Lew Lang', 'Assumenda rerum dolorem impedit animi laboriosam voluptas. Similique quia ea molestiae accusamus voluptatem. Quae dolores doloribus autem et magni.', 4, '2018-05-27 08:59:04', '2018-05-27 08:59:04'),
(193, 67, 'Guido Connelly', 'Fugit quisquam sapiente amet a autem autem. Vitae consectetur consectetur quis hic corporis maiores. Ut velit voluptatum unde illo qui. Perspiciatis occaecati debitis corrupti natus eos.', 0, '2018-05-27 08:59:04', '2018-05-27 08:59:04'),
(194, 92, 'Dr. Sebastian Gottlieb Sr.', 'Sint unde et voluptas ea odio sed similique ut. Ipsam repellat alias aliquid amet voluptatibus et autem.', 2, '2018-05-27 08:59:04', '2018-05-27 08:59:04'),
(195, 93, 'Alaina Larson', 'Ullam quam laborum eum voluptatem non mollitia. Qui a facilis praesentium dolore dolorum fugiat perferendis. Assumenda sapiente nobis ipsa quasi error.', 5, '2018-05-27 08:59:04', '2018-05-27 08:59:04'),
(196, 109, 'Beau Bayer', 'Et ea enim illo aliquid porro quaerat culpa. Voluptatum ratione doloremque aspernatur. At neque repudiandae sint non explicabo accusamus. Facilis accusantium corporis ab et et nostrum quam mollitia.', 0, '2018-05-27 08:59:04', '2018-05-27 08:59:04'),
(197, 2, 'Christop McLaughlin', 'Ratione magni et nostrum recusandae vel. Et et nostrum iste.', 0, '2018-05-27 08:59:04', '2018-05-27 08:59:04'),
(198, 119, 'Tiffany Medhurst', 'Soluta nihil quisquam eveniet architecto. Ut iusto nemo qui occaecati illum. Voluptas nisi consequuntur eos provident ipsam.', 3, '2018-05-27 08:59:04', '2018-05-27 08:59:04'),
(199, 58, 'Waino Beer', 'Numquam minus voluptatem non est sint eveniet. Alias nostrum est assumenda molestiae nihil non.', 5, '2018-05-27 08:59:05', '2018-05-27 08:59:05'),
(200, 143, 'Madilyn Jakubowski', 'Doloremque numquam beatae nihil et consequatur. Ipsa nobis a assumenda maiores. Non reiciendis eaque aliquid in quia voluptatibus. Tempore quisquam dolores dicta aut aut odio rerum.', 1, '2018-05-27 08:59:05', '2018-05-27 08:59:05'),
(201, 56, 'Adelle Bernier', 'Quia officia dolorum qui. Expedita qui recusandae veniam veniam suscipit aut. Minima est dolorum magnam doloribus est est. Eveniet velit nisi quia molestiae esse. Quibusdam ut voluptatem unde voluptatem.', 1, '2018-05-27 08:59:05', '2018-05-27 08:59:05'),
(202, 62, 'Nola Lind', 'Est commodi consequuntur laborum enim et. Dolores et est ad enim. Minus enim deserunt laboriosam et beatae.', 5, '2018-05-27 08:59:05', '2018-05-27 08:59:05'),
(203, 132, 'Allen Robel', 'Ut quia rerum soluta quasi in aut magni sed. Aut expedita quos suscipit minus animi. Dolorem consequuntur voluptas repellat autem saepe mollitia rerum rem.', 5, '2018-05-27 08:59:05', '2018-05-27 08:59:05'),
(204, 36, 'Mrs. Shannon Armstrong I', 'Pariatur dignissimos ducimus unde non quis blanditiis repellendus. Itaque tenetur minima quam sequi. Reiciendis sit error adipisci autem sed laudantium deleniti.', 1, '2018-05-27 08:59:05', '2018-05-27 08:59:05'),
(205, 110, 'Mrs. Jane Smitham', 'Eum perspiciatis occaecati non facilis et voluptas. Sint ratione saepe cumque ut. Et distinctio veniam voluptas non non itaque. Corrupti ipsum quia quos ipsa numquam commodi.', 0, '2018-05-27 08:59:05', '2018-05-27 08:59:05'),
(206, 59, 'Kallie Romaguera', 'Tempora explicabo et consequatur doloremque tempora delectus iure qui. Sunt molestias molestias quis incidunt quia aut. Sed sed est provident placeat.', 2, '2018-05-27 08:59:05', '2018-05-27 08:59:05'),
(207, 88, 'Murl Weimann', 'Aut asperiores minus debitis aut impedit. Omnis voluptatum voluptas magnam hic nobis eum. Necessitatibus odit debitis aliquid minus.', 1, '2018-05-27 08:59:05', '2018-05-27 08:59:05'),
(208, 135, 'Milan Kling', 'Sed ut atque est quod perferendis. Perspiciatis tempora distinctio consectetur pariatur adipisci dicta in. Consequuntur et eius cumque consectetur.', 2, '2018-05-27 08:59:05', '2018-05-27 08:59:05'),
(209, 107, 'Catherine Nicolas', 'Sit sequi qui architecto molestiae dolores non. Error sit rerum nesciunt.', 5, '2018-05-27 08:59:05', '2018-05-27 08:59:05');
INSERT INTO `reviews` (`id`, `product_id`, `customer`, `review`, `star`, `created_at`, `updated_at`) VALUES
(210, 57, 'Letha Heller', 'Provident consequatur at mollitia ducimus. A nobis in facilis accusamus autem. Facilis vel aliquid voluptatem et ea illum mollitia. Iste soluta cum nemo fugiat.', 2, '2018-05-27 08:59:05', '2018-05-27 08:59:05'),
(211, 48, 'William Gutkowski', 'Quia impedit modi labore perspiciatis eos ullam ipsam repellat. Quia blanditiis vero recusandae repudiandae adipisci eos ut. Doloribus cupiditate amet eum itaque. Sapiente illum sapiente ipsum eum ea.', 2, '2018-05-27 08:59:05', '2018-05-27 08:59:05'),
(212, 44, 'America Zieme', 'Aut quo non est ut minus sit voluptate voluptatem. Laborum laboriosam esse sed facere et.', 2, '2018-05-27 08:59:05', '2018-05-27 08:59:05'),
(213, 95, 'Stephanie Morar', 'Sed quia corrupti consectetur consequatur et consequatur. Quo eos culpa possimus. Reiciendis quia voluptates quae aut. Et doloribus amet mollitia nobis et quod alias.', 2, '2018-05-27 08:59:05', '2018-05-27 08:59:05'),
(214, 131, 'Miss Kacie Rowe', 'Perferendis aliquam placeat labore assumenda. Quia quis perferendis sit neque qui. Voluptatibus aut non omnis. In omnis est aspernatur qui voluptatibus.', 0, '2018-05-27 08:59:05', '2018-05-27 08:59:05'),
(215, 126, 'Miss Belle Raynor', 'Aliquam quas illo dolore tempora vel vitae. Aut laborum mollitia ratione beatae asperiores ea. Ipsam perferendis quibusdam repudiandae id odit enim et aut.', 2, '2018-05-27 08:59:05', '2018-05-27 08:59:05'),
(216, 7, 'Dr. Gussie Lemke DDS', 'Expedita voluptatem nisi sapiente deserunt est velit voluptatibus qui. Eos quaerat amet quos quaerat.', 4, '2018-05-27 08:59:05', '2018-05-27 08:59:05'),
(217, 77, 'Dr. Jeffry Nikolaus DDS', 'Quam et at atque exercitationem facere. Aperiam ut eligendi possimus voluptatem accusamus. Magni ullam aut dignissimos dolores vero quae. Fugit voluptas quisquam eveniet voluptatem blanditiis rerum.', 4, '2018-05-27 08:59:05', '2018-05-27 08:59:05'),
(218, 88, 'Arlo Lakin', 'Veniam cum quo placeat minus omnis. Libero ut adipisci in corrupti consectetur id necessitatibus. Itaque rerum blanditiis dolore ea quis. Et qui accusantium dolorum id.', 5, '2018-05-27 08:59:05', '2018-05-27 08:59:05'),
(219, 100, 'Carrie Friesen', 'Cupiditate eum enim consectetur quaerat. Velit excepturi enim quo tenetur sunt suscipit. Nostrum tempore et quam blanditiis tempora et pariatur.', 4, '2018-05-27 08:59:05', '2018-05-27 08:59:05'),
(220, 105, 'Ms. Jacynthe McLaughlin MD', 'Ut aut qui laboriosam illum vel eius. Sint doloribus rerum repellendus dicta iure magnam. Facilis eligendi aut odio. Consequatur et fugit molestiae voluptas inventore voluptas fugiat.', 4, '2018-05-27 08:59:05', '2018-05-27 08:59:05'),
(221, 101, 'Bernadette Kemmer MD', 'Quos voluptas rerum quos autem dolor. Aperiam iste error distinctio qui soluta. Doloremque eos asperiores velit aut vel commodi. Soluta laborum aspernatur aut architecto aut. Et natus dolor reiciendis.', 0, '2018-05-27 08:59:05', '2018-05-27 08:59:05'),
(222, 47, 'Mr. Lester Buckridge', 'Aliquid repudiandae maxime minima omnis eius eos modi. Ea autem pariatur corrupti sit eligendi tempore cumque. Dolores consequuntur assumenda eaque nostrum nemo sunt ipsa.', 5, '2018-05-27 08:59:05', '2018-05-27 08:59:05'),
(223, 97, 'Mr. Randall Kreiger PhD', 'Dolores ut eum in dolores ea vero corrupti. Optio error et fugit ea modi.', 0, '2018-05-27 08:59:05', '2018-05-27 08:59:05'),
(224, 40, 'Faye Wisoky', 'Provident veniam impedit omnis corporis ut nisi. Possimus dolore error qui sed aut labore sed.', 3, '2018-05-27 08:59:06', '2018-05-27 08:59:06'),
(225, 123, 'Lafayette Emmerich', 'Est voluptatem atque perspiciatis illo consectetur molestias. Ea sint sunt quisquam laboriosam maiores aliquam non. Perspiciatis tempora exercitationem qui ipsa est.', 3, '2018-05-27 08:59:06', '2018-05-27 08:59:06'),
(226, 140, 'Kristopher Stamm', 'Unde eaque et quae veritatis et non. Necessitatibus in nihil id sed. Eum soluta tempora unde suscipit hic molestias ut quis. In distinctio in similique debitis soluta. Rerum deserunt doloribus quos et saepe dolor.', 4, '2018-05-27 08:59:06', '2018-05-27 08:59:06'),
(227, 70, 'Augusta Casper Sr.', 'Est cum aliquid aut suscipit iure. Sit veritatis incidunt nostrum non id. Iure id porro fuga reiciendis dignissimos quia. Odit laborum veritatis rerum quos cum.', 3, '2018-05-27 08:59:06', '2018-05-27 08:59:06'),
(228, 70, 'Logan Tremblay', 'Non animi eius mollitia quod dolor. Enim voluptatibus unde odio laboriosam. Illo consequatur rerum et aut. Animi consectetur et quas doloribus tenetur quia.', 4, '2018-05-27 08:59:06', '2018-05-27 08:59:06'),
(229, 117, 'Earlene Rogahn', 'Accusantium quidem voluptates earum sapiente incidunt. Aspernatur sed ut est non exercitationem. Totam omnis nesciunt hic officiis ipsa. Nam quia maiores officia et.', 2, '2018-05-27 08:59:06', '2018-05-27 08:59:06'),
(230, 26, 'Missouri Legros', 'Facere incidunt quae exercitationem qui. Et voluptatum quia nesciunt aut nisi repellat dolor rerum. Ut iure saepe consequuntur debitis. Id voluptatem quaerat earum distinctio dicta reprehenderit.', 5, '2018-05-27 08:59:06', '2018-05-27 08:59:06'),
(231, 75, 'Jeanie Haley', 'Voluptas hic commodi nihil fugit animi temporibus atque sunt. Cum in voluptas debitis aliquam harum omnis quia iure. Perferendis sit rerum nobis ipsum est minima. Dolor ea nihil reiciendis sed.', 5, '2018-05-27 08:59:06', '2018-05-27 08:59:06'),
(232, 126, 'Alia Heathcote', 'Dolores ducimus nostrum tenetur dolorem. Eum hic consectetur et nostrum aperiam. Deleniti consequatur sint dignissimos sit aut numquam. Aspernatur expedita sit esse omnis qui optio voluptatibus provident.', 3, '2018-05-27 08:59:06', '2018-05-27 08:59:06'),
(233, 91, 'Zelda Swift V', 'Explicabo nihil beatae optio soluta dolore maiores rerum. Explicabo tempore distinctio velit sed doloribus non. Est alias aliquam fuga.', 3, '2018-05-27 08:59:06', '2018-05-27 08:59:06'),
(234, 26, 'Elton Carroll', 'Tempora ut odio exercitationem modi dolorum quidem. Alias pariatur numquam sed assumenda. Fugiat consectetur facilis cumque.', 0, '2018-05-27 08:59:06', '2018-05-27 08:59:06'),
(235, 47, 'Katarina Grady', 'Eos laboriosam sint commodi sunt. Quas natus dolor eius ipsam molestiae perspiciatis. Vero rem dolorem autem est aliquid rerum.', 2, '2018-05-27 08:59:06', '2018-05-27 08:59:06'),
(236, 56, 'Ms. Eva Wintheiser III', 'Rerum qui qui fugiat quos rerum. Corrupti dolorem cupiditate omnis voluptatem distinctio.', 4, '2018-05-27 08:59:06', '2018-05-27 08:59:06'),
(237, 110, 'Korbin Kris', 'Minus atque modi autem perferendis ad praesentium dolor eius. Quia deserunt doloremque temporibus in corrupti ut et. Saepe qui quasi voluptatum architecto ut ut et. Deleniti in nostrum fugiat non doloremque et.', 0, '2018-05-27 08:59:06', '2018-05-27 08:59:06'),
(238, 27, 'Jadon McClure DDS', 'Quia a pariatur repudiandae dolore est in. Non soluta iusto consectetur error cum. Veniam cum quo deleniti praesentium accusamus autem maiores. Itaque fugit soluta rerum omnis et sit.', 4, '2018-05-27 08:59:06', '2018-05-27 08:59:06'),
(239, 149, 'Jonatan Sanford', 'Eligendi possimus reprehenderit fugit. Veniam cupiditate occaecati fugiat ea ex aspernatur sit. Quia nam fugit veniam fugit blanditiis.', 0, '2018-05-27 08:59:06', '2018-05-27 08:59:06'),
(240, 7, 'Krista Rice', 'Et necessitatibus dolorem ipsam esse et. Earum earum voluptatibus ut vel consectetur molestiae id tempora. Et non aliquam deleniti. Possimus eos et eaque nihil dolor praesentium reprehenderit.', 2, '2018-05-27 08:59:06', '2018-05-27 08:59:06'),
(241, 91, 'Jaron Blanda Sr.', 'Qui qui et qui reiciendis eos ducimus. Voluptatem autem et libero. Distinctio dolorem ratione sint dolorum voluptatem. Veritatis vel velit repellat et qui.', 5, '2018-05-27 08:59:06', '2018-05-27 08:59:06'),
(242, 111, 'Ivory Herman', 'Ut ut dicta molestiae. Dicta ut quidem ut omnis accusantium. Eum quia libero nesciunt fugiat sed est commodi. Omnis sed amet et sit recusandae est.', 3, '2018-05-27 08:59:06', '2018-05-27 08:59:06'),
(243, 59, 'Rebecca Turcotte DDS', 'Iusto magnam sint non officia qui. Earum dolores praesentium minima sapiente nostrum voluptatum pariatur. Laborum nisi explicabo enim ullam ducimus.', 4, '2018-05-27 08:59:06', '2018-05-27 08:59:06'),
(244, 134, 'Ms. Zora Hermiston', 'Sint quo quia inventore consequatur fugiat non. Optio soluta dolores sint nihil. Sapiente sit excepturi assumenda autem quo quam. Sed adipisci modi illo animi nisi adipisci et dignissimos.', 5, '2018-05-27 08:59:06', '2018-05-27 08:59:06'),
(245, 60, 'Dr. Lauryn Spencer IV', 'Voluptates omnis libero quia. Tenetur vel autem reprehenderit. Eum facilis soluta veniam. Vero est assumenda cum.', 1, '2018-05-27 08:59:06', '2018-05-27 08:59:06'),
(246, 89, 'Dorothea Heller', 'Quas recusandae commodi eum quo deleniti. Minima fuga adipisci et. Occaecati ab illum cumque unde molestiae id deserunt fugiat.', 3, '2018-05-27 08:59:06', '2018-05-27 08:59:06'),
(247, 78, 'Elsa Conroy', 'Aliquid quisquam aliquid et et. Magni vitae enim cupiditate dolorem ab vitae et. Accusamus culpa molestiae voluptate molestiae ducimus.', 5, '2018-05-27 08:59:06', '2018-05-27 08:59:06'),
(248, 5, 'Roger Grady', 'Velit ex rerum inventore laboriosam aut fugit nisi vel. Hic tenetur qui quasi optio tenetur rerum quibusdam. Dolor qui eligendi aut id ut culpa id. Iure labore in facilis est ut vitae omnis.', 5, '2018-05-27 08:59:07', '2018-05-27 08:59:07'),
(249, 23, 'Al Sipes', 'A quod aut et aut vel illum et. Iusto qui quasi sit dolorem. Quam debitis amet iure cumque perferendis sed neque. Facilis fuga ex et ut corporis.', 5, '2018-05-27 08:59:07', '2018-05-27 08:59:07'),
(250, 87, 'Mrs. Linnea Gaylord', 'Eum voluptatem odio dolor quidem modi. Quos quaerat perferendis modi consequatur qui sed. Aut est vitae et doloremque molestiae quod deleniti nihil. Quia voluptatem laboriosam explicabo esse veniam voluptates provident et.', 4, '2018-05-27 08:59:07', '2018-05-27 08:59:07'),
(251, 90, 'Mr. Fermin Kutch', 'Qui similique vel minima mollitia. Ex nihil atque rerum enim at saepe velit qui. Sequi laboriosam repellendus molestiae. Eligendi ipsum ut ex quibusdam non qui quia.', 2, '2018-05-27 08:59:07', '2018-05-27 08:59:07'),
(252, 123, 'Dr. Camylle Bailey IV', 'Iste nam ipsa suscipit tempora. Quia itaque qui animi alias enim non. Et alias quidem ut ullam et. Voluptatum nulla repellat officiis tempore et.', 0, '2018-05-27 08:59:07', '2018-05-27 08:59:07'),
(253, 109, 'Elisa Conn', 'Incidunt nostrum reprehenderit perferendis voluptas. Asperiores voluptatem dicta impedit vel et aperiam. Et dolores ipsum voluptatem eaque temporibus at.', 0, '2018-05-27 08:59:07', '2018-05-27 08:59:07'),
(254, 36, 'Miss Chelsie Wyman V', 'Debitis pariatur neque est dolorem repellat in. Sunt in maiores ipsum in enim aut quam. Vel laudantium quasi fugiat et voluptatem. Molestiae laboriosam doloribus facilis facilis natus.', 3, '2018-05-27 08:59:07', '2018-05-27 08:59:07'),
(255, 90, 'Hilma Koss', 'Nesciunt maiores qui dolorem voluptatem ut animi. Sed odio autem modi repellat. Natus rerum quibusdam accusamus et et. Qui magnam aliquid quos voluptatum non perferendis laudantium vel.', 0, '2018-05-27 08:59:07', '2018-05-27 08:59:07'),
(256, 104, 'Adam Gusikowski', 'Et inventore fuga iure amet sit vero consectetur sit. Voluptas itaque dolore deserunt id veniam veritatis. Nostrum amet magnam quis voluptates fugiat et modi earum. Rerum reprehenderit eveniet voluptas veniam explicabo soluta non qui.', 5, '2018-05-27 08:59:07', '2018-05-27 08:59:07'),
(257, 81, 'Mrs. Lavinia Stamm', 'Est est aut voluptatem ad quaerat voluptas consequatur quia. Eaque quae quia temporibus sed. Rem sunt adipisci rem odio dolores enim dolorem. Necessitatibus sed qui neque ea est.', 4, '2018-05-27 08:59:07', '2018-05-27 08:59:07'),
(258, 118, 'Germaine Moore Sr.', 'Dolor est consequatur enim placeat soluta. Dignissimos hic blanditiis ea dolorem minima tempora. Labore omnis inventore perspiciatis unde hic.', 5, '2018-05-27 08:59:07', '2018-05-27 08:59:07'),
(259, 13, 'Weldon Langosh', 'Iusto omnis est perferendis enim placeat qui labore exercitationem. Doloremque molestiae vitae et omnis amet. Ipsum vel quisquam ea id sunt. Consequatur amet autem doloremque qui.', 2, '2018-05-27 08:59:07', '2018-05-27 08:59:07'),
(260, 106, 'Elfrieda Cartwright', 'Est quam ut ea minus cum consequatur blanditiis. Aut nihil sint fugiat libero temporibus ut aut est.', 1, '2018-05-27 08:59:07', '2018-05-27 08:59:07'),
(261, 137, 'Nella Lakin', 'Qui aperiam explicabo laborum ea. Nostrum ratione fuga consequatur aliquam ut. Consequatur voluptatem vel atque magni cupiditate maiores at vel. Accusamus et quia voluptatem labore.', 4, '2018-05-27 08:59:07', '2018-05-27 08:59:07'),
(262, 33, 'Prof. Kristofer Jaskolski', 'Enim omnis corrupti saepe. Aut ea accusamus quo architecto neque aut. Recusandae molestiae autem sapiente suscipit delectus quo.', 2, '2018-05-27 08:59:07', '2018-05-27 08:59:07'),
(263, 8, 'Billy Casper', 'Necessitatibus sunt sequi expedita recusandae est et. Numquam ipsa nemo non vero quidem. Fuga aut aut quia libero placeat. Aperiam quia aut molestiae perspiciatis.', 3, '2018-05-27 08:59:07', '2018-05-27 08:59:07'),
(264, 58, 'Ms. Jaqueline Sporer', 'Quo temporibus harum consequuntur aut numquam. Est vel id vero eum nostrum mollitia sint ullam.', 2, '2018-05-27 08:59:07', '2018-05-27 08:59:07'),
(265, 64, 'Vicky Schulist', 'Optio laboriosam inventore cupiditate dicta qui. Ipsum in quia delectus quae dolorem consequatur fugiat inventore. Illo reprehenderit ea nulla et perferendis vel voluptas.', 0, '2018-05-27 08:59:07', '2018-05-27 08:59:07'),
(266, 52, 'Lura Nitzsche', 'Minus nemo doloremque minus ea. Iste aliquid ipsa error harum est. Vero quos consequatur eum sint et fugit ex. Officia enim et omnis dolorem.', 2, '2018-05-27 08:59:07', '2018-05-27 08:59:07'),
(267, 115, 'Janiya Pacocha', 'Corrupti perspiciatis ut et. Sit velit quam vel earum consequuntur eos qui. Recusandae cumque minima vel sed ut voluptates. Sed nam vitae aspernatur quidem. Quaerat veritatis maiores et consequatur omnis voluptatem reprehenderit.', 5, '2018-05-27 08:59:07', '2018-05-27 08:59:07'),
(268, 135, 'Mr. Karl Mayer', 'Omnis nihil et ex distinctio. Delectus et reiciendis enim et nulla tempore. Placeat illum dicta modi quo. Distinctio corrupti et ex aut ipsa doloribus.', 5, '2018-05-27 08:59:07', '2018-05-27 08:59:07'),
(269, 106, 'Mr. Connor Murray PhD', 'Veritatis dolorem eligendi voluptatem molestiae repellat modi id quod. Illo et debitis velit sunt eius accusamus. Nesciunt rem debitis et dignissimos.', 1, '2018-05-27 08:59:07', '2018-05-27 08:59:07'),
(270, 75, 'Abbie Kertzmann', 'Quibusdam facere aut libero perspiciatis eos illum. Cumque ex nobis officiis quo. Ut ut et error ratione et natus maiores. Voluptatem molestias qui quia corporis nulla.', 2, '2018-05-27 08:59:07', '2018-05-27 08:59:07'),
(271, 110, 'Efren Effertz', 'Rem eius natus tempore ea excepturi sunt autem. Consequatur rem voluptas ad perferendis quasi quis iste. Sed et minima consequuntur voluptatem qui consequuntur.', 5, '2018-05-27 08:59:07', '2018-05-27 08:59:07'),
(272, 7, 'Ms. Brigitte Frami I', 'Laudantium consequatur et quia delectus recusandae quod. Harum qui et minima corporis. Consequatur reiciendis doloribus eaque voluptatum voluptates odio. Praesentium qui delectus numquam est odio perspiciatis.', 2, '2018-05-27 08:59:07', '2018-05-27 08:59:07'),
(273, 148, 'Miss Madie Hayes', 'Exercitationem tempore et quia. Error aut quaerat nostrum sint ratione voluptas consectetur. Ratione aliquam sunt ducimus sit ut ut omnis esse. Quia ea nobis ut.', 5, '2018-05-27 08:59:07', '2018-05-27 08:59:07'),
(274, 51, 'Matilda Hahn', 'Laudantium fugit repellendus commodi eveniet. Omnis est vero et nihil quae. Et voluptas incidunt voluptatem. Dolorem maxime repudiandae voluptatem amet inventore.', 0, '2018-05-27 08:59:07', '2018-05-27 08:59:07'),
(275, 138, 'Miss Albina Berge', 'Quo placeat atque quia aut. Fugit omnis accusamus hic facilis sed corporis. Sed quo vitae corporis perspiciatis ut velit quisquam voluptatem.', 4, '2018-05-27 08:59:08', '2018-05-27 08:59:08'),
(276, 112, 'Rudolph Emard', 'Reiciendis illo reprehenderit sunt. Illum quos rerum harum at quam error eveniet nulla. Enim culpa et earum qui. Repellat accusamus et deserunt et rem doloribus.', 0, '2018-05-27 08:59:08', '2018-05-27 08:59:08'),
(277, 129, 'Missouri Nikolaus', 'Beatae delectus doloremque vel non laudantium excepturi cupiditate. Doloremque beatae officia est quia nulla maxime. Ut exercitationem labore amet quasi. Voluptatem id porro omnis non minus occaecati.', 0, '2018-05-27 08:59:08', '2018-05-27 08:59:08'),
(278, 17, 'Jo Pouros', 'Dolorem quod est aut similique rerum aut ullam. Iure rerum deleniti accusamus dolore voluptatum consectetur minima. Qui cumque nesciunt inventore delectus voluptatem et. Et sed numquam eum consequatur qui asperiores voluptatem.', 1, '2018-05-27 08:59:08', '2018-05-27 08:59:08'),
(279, 70, 'Cameron O\'Reilly DVM', 'Nisi vero sit amet labore. Est vel dolorem aut aliquam tempora doloremque autem ea. Excepturi fuga corrupti autem reiciendis.', 3, '2018-05-27 08:59:08', '2018-05-27 08:59:08'),
(280, 30, 'Jameson Rosenbaum', 'Praesentium nisi culpa repellat voluptatibus qui autem ducimus. Aperiam quia libero occaecati. Amet commodi nobis accusantium nihil cupiditate qui.', 5, '2018-05-27 08:59:08', '2018-05-27 08:59:08'),
(281, 117, 'Miss Amelia Bogisich DDS', 'Sed non laboriosam voluptas est et et. Sed eaque accusamus quidem distinctio commodi incidunt pariatur. Dolore a quasi delectus consequatur omnis.', 0, '2018-05-27 08:59:08', '2018-05-27 08:59:08'),
(282, 1, 'Andrew Wisozk', 'Excepturi mollitia voluptates et error doloremque. Mollitia natus dolores sit inventore. In eos non est doloribus dolores. Voluptatem aut quo porro ut rerum.', 2, '2018-05-27 08:59:08', '2018-05-27 08:59:08'),
(283, 43, 'Mr. Lorenzo Emmerich', 'Quasi aliquid ut amet id dolorem ut. Est est natus nihil ab repellendus. Ut voluptates quia ut maxime porro aut est.', 1, '2018-05-27 08:59:08', '2018-05-27 08:59:08'),
(284, 53, 'Ms. Vilma Pacocha', 'Deleniti laborum maiores enim unde quos et magni sapiente. Rerum sequi non excepturi et labore aut optio architecto. Vel pariatur aut sit sit laborum mollitia pariatur. Et quaerat voluptas aspernatur omnis iste doloribus.', 1, '2018-05-27 08:59:08', '2018-05-27 08:59:08'),
(285, 63, 'Anthony Beatty', 'Velit a qui accusantium aperiam nihil vitae sit. Id est beatae ut aut laboriosam nulla id. Molestiae ut eius et dicta. Qui at officiis non illum laboriosam omnis. Dolores quo fuga labore corrupti.', 1, '2018-05-27 08:59:08', '2018-05-27 08:59:08'),
(286, 80, 'Prof. Xander Brown', 'Dolorem ut voluptate illo reiciendis. Minus cupiditate corporis vero ut error. Odio et voluptatem assumenda illum sequi.', 2, '2018-05-27 08:59:08', '2018-05-27 08:59:08'),
(287, 122, 'Eugene Strosin', 'Dolores dignissimos ipsam aspernatur neque. Totam necessitatibus ex magni excepturi nemo voluptates et doloribus. Et molestiae expedita dolor odit laboriosam et fugit. Repudiandae commodi officia laboriosam minima.', 1, '2018-05-27 08:59:08', '2018-05-27 08:59:08'),
(288, 13, 'Silas Batz', 'Reprehenderit odio et eos. Cumque ipsum blanditiis nesciunt qui optio sit. Recusandae ducimus fuga alias ea dolor. Quas ut sit eum saepe quis et dolorum.', 5, '2018-05-27 08:59:08', '2018-05-27 08:59:08'),
(289, 67, 'Ms. Kirsten Zemlak I', 'Eius mollitia dolorem omnis magnam qui officia voluptas id. Voluptatem placeat recusandae aut. Alias in autem ut rerum dolor est maiores dolorem.', 5, '2018-05-27 08:59:08', '2018-05-27 08:59:08'),
(290, 13, 'Prof. Kristy Bruen', 'Quia soluta quia est libero atque. Unde odit consequuntur consectetur. Culpa hic facere et.', 3, '2018-05-27 08:59:08', '2018-05-27 08:59:08'),
(291, 60, 'Ila Pagac DDS', 'Labore quo est natus nesciunt ut maiores. Et eveniet cum non repudiandae quis fuga asperiores. Quo quo molestias ad ullam et. Quia possimus iusto fugiat tempore quo accusamus. Tempore porro aut in id odit omnis.', 1, '2018-05-27 08:59:08', '2018-05-27 08:59:08'),
(292, 131, 'Prof. Baylee Greenholt', 'Nihil ab aut fugit harum. Similique quis eveniet inventore qui ut exercitationem.', 5, '2018-05-27 08:59:08', '2018-05-27 08:59:08'),
(293, 135, 'Richie Rath', 'Voluptas eius earum dolorem quod omnis. Nihil earum nemo voluptate quia pariatur hic qui. Aut fuga delectus porro suscipit quis asperiores quia. Voluptatibus incidunt aliquam accusamus porro.', 3, '2018-05-27 08:59:08', '2018-05-27 08:59:08'),
(294, 107, 'Edyth Ankunding', 'Aut aut distinctio sed qui rerum et. Quod veniam voluptatibus ea ea id facere perferendis. Fugiat velit et cupiditate corrupti nostrum ullam. Earum et delectus consequatur et aut distinctio at.', 3, '2018-05-27 08:59:08', '2018-05-27 08:59:08'),
(295, 81, 'Ronaldo Vandervort I', 'Cumque ipsum quae et optio perferendis dolore illo delectus. Ipsum commodi sed earum. Voluptatum numquam soluta magni qui consequuntur tempora non. Quas hic illum suscipit voluptas.', 3, '2018-05-27 08:59:08', '2018-05-27 08:59:08'),
(296, 144, 'Murphy Eichmann', 'Eligendi nihil eveniet hic non quia. Velit nisi sapiente commodi quo. Consectetur rerum cupiditate nesciunt.', 0, '2018-05-27 08:59:08', '2018-05-27 08:59:08'),
(297, 62, 'Jovan Moen', 'Sint unde harum et. Dicta autem porro aliquid. Reiciendis eum blanditiis voluptatem ut esse.', 2, '2018-05-27 08:59:08', '2018-05-27 08:59:08'),
(298, 32, 'Mrs. Jennifer Luettgen DDS', 'Deserunt magnam numquam consequatur laudantium sit. Voluptatem qui et incidunt quo. Asperiores quis voluptas asperiores.', 1, '2018-05-27 08:59:08', '2018-05-27 08:59:08'),
(299, 11, 'Linnie Hirthe', 'Officia optio dolores vel. Eligendi dolorum aut velit ea. Aut in eligendi quia quas. Sunt expedita doloribus est et excepturi qui.', 1, '2018-05-27 08:59:08', '2018-05-27 08:59:08'),
(300, 39, 'Rudolph Conn', 'Autem exercitationem voluptas dolor unde. Aliquam consequatur molestias a blanditiis possimus aut deleniti. Qui non optio ea iure voluptate nulla sed porro.', 2, '2018-05-27 08:59:09', '2018-05-27 08:59:09');

-- --------------------------------------------------------

--
-- Table structure for table `users`
--

CREATE TABLE `users` (
  `id` int(10) UNSIGNED NOT NULL,
  `name` varchar(191) COLLATE utf8_unicode_ci NOT NULL,
  `email` varchar(250) COLLATE utf8_unicode_ci NOT NULL,
  `password` varchar(191) COLLATE utf8_unicode_ci NOT NULL,
  `remember_token` varchar(100) COLLATE utf8_unicode_ci DEFAULT NULL,
  `created_at` timestamp NULL DEFAULT NULL,
  `updated_at` timestamp NULL DEFAULT NULL
) ENGINE=InnoDB DEFAULT CHARSET=utf8 COLLATE=utf8_unicode_ci;

--
-- Indexes for dumped tables
--

--
-- Indexes for table `migrations`
--
ALTER TABLE `migrations`
  ADD PRIMARY KEY (`id`);

--
-- Indexes for table `password_resets`
--
ALTER TABLE `password_resets`
  ADD KEY `password_resets_email_index` (`email`);

--
-- Indexes for table `products`
--
ALTER TABLE `products`
  ADD PRIMARY KEY (`id`);

--
-- Indexes for table `reviews`
--
ALTER TABLE `reviews`
  ADD PRIMARY KEY (`id`),
  ADD KEY `reviews_product_id_index` (`product_id`);

--
-- Indexes for table `users`
--
ALTER TABLE `users`
  ADD PRIMARY KEY (`id`),
  ADD UNIQUE KEY `users_email_unique` (`email`);

--
-- AUTO_INCREMENT for dumped tables
--

--
-- AUTO_INCREMENT for table `migrations`
--
ALTER TABLE `migrations`
  MODIFY `id` int(10) UNSIGNED NOT NULL AUTO_INCREMENT, AUTO_INCREMENT=5;
--
-- AUTO_INCREMENT for table `products`
--
ALTER TABLE `products`
  MODIFY `id` int(10) UNSIGNED NOT NULL AUTO_INCREMENT, AUTO_INCREMENT=151;
--
-- AUTO_INCREMENT for table `reviews`
--
ALTER TABLE `reviews`
  MODIFY `id` int(10) UNSIGNED NOT NULL AUTO_INCREMENT, AUTO_INCREMENT=301;
--
-- AUTO_INCREMENT for table `users`
--
ALTER TABLE `users`
  MODIFY `id` int(10) UNSIGNED NOT NULL AUTO_INCREMENT;
--
-- Constraints for dumped tables
--

--
-- Constraints for table `reviews`
--
ALTER TABLE `reviews`
  ADD CONSTRAINT `reviews_product_id_foreign` FOREIGN KEY (`product_id`) REFERENCES `products` (`id`);
COMMIT;

/*!40101 SET CHARACTER_SET_CLIENT=@OLD_CHARACTER_SET_CLIENT */;
/*!40101 SET CHARACTER_SET_RESULTS=@OLD_CHARACTER_SET_RESULTS */;
/*!40101 SET COLLATION_CONNECTION=@OLD_COLLATION_CONNECTION */;
